{"type": "FeatureCollection", "features": [{"id": "1", "type": "Feature", "properties": {"RANGE_NAME": "Berens", "RANGE_TYPE": "Continuous", "color": "#e6194b"}, "geometry": {"type": "Polygon", "coordinates": [[[-92.53536549999995, 51.45337860000001], [-92.79119559999998, 51.452440000000024], [-92.83307579999996, 51.30704000000003], [-92.83189229999999, 51.29671430000002], [-92.83864399999999, 51.29013260000005], [-92.83837469999997, 51.282565300000044], [-92.84845909999996, 51.27688230000001], [-92.87701149999998, 51.27662580000003], [-92.8855658, 51.26644970000001], [-92.90187599999996, 51.26079390000001], [-92.90139539999996, 51.25389990000002], [-92.90785419999997, 51.244374600000015], [-92.89907969999996, 51.225573999999995], [-92.92892859999995, 51.20417650000002], [-92.9558472, 51.19597970000001], [-92.98866519999996, 51.19615060000001], [-93.00135949999998, 51.1933995], [-93.0018172, 51.187806300000034], [-92.9900025, 51.16716880000001], [-92.9687859, 51.1545309], [-92.95187499999997, 51.12262050000004], [-92.94970039999998, 51.112017700000024], [-92.95796469999999, 51.10402680000004], [-92.96539159999998, 51.08533410000001], [-92.9899648, 51.0770478], [-92.99884409999999, 51.06372150000004], [-93.00694899999996, 51.05809210000001], [-93.00631729999998, 51.05532450000004], [-93.01308119999999, 51.05245690000004], [-93.02105459999996, 51.0432457], [-93.0499494, 51.04149140000004], [-93.0475366, 51.039487199999996], [-93.0486512, 51.02812060000002], [-93.04469599999999, 51.02297870000001], [-93.18748499999998, 50.97377930000005], [-93.19066599999996, 50.97660440000004], [-93.20775119999996, 50.97430460000004], [-93.21228529999996, 50.96869650000002], [-93.21843319999999, 50.9681162], [-93.2358079, 50.9708607], [-93.24604339999996, 50.9618921], [-93.26096709999996, 50.96448520000001], [-93.26729999999998, 50.96130550000004], [-93.27999619999997, 50.962741300000005], [-93.3058742, 50.95038370000003], [-93.31836239999996, 50.95288590000001], [-93.3247101, 50.94852510000004], [-93.3398631, 50.94936290000004], [-93.33766659999998, 50.95271450000001], [-93.3441598, 50.95477260000001], [-93.34374199999996, 50.961796900000024], [-93.35182789999999, 50.963382300000035], [-93.46182429999999, 51.090761799999996], [-93.57956259999997, 51.11810780000002], [-93.72762709999995, 51.144491500000015], [-93.73496969999997, 51.1495443], [-93.75279889999996, 51.1504291], [-93.7742035, 51.14021770000005], [-93.7845486, 51.1323792], [-93.78245869999995, 51.129650500000025], [-93.79924369999998, 51.11927640000005], [-93.82346919999998, 51.11805610000005], [-93.83849249999997, 51.1058003], [-93.85719609999995, 51.09763430000004], [-93.87848529999997, 51.094400699999994], [-93.87723989999995, 51.0866944], [-93.902918, 51.070896600000026], [-93.93593369999996, 51.062489400000004], [-93.9536172, 51.05216670000004], [-93.97978609999996, 51.04685140000004], [-93.98484969999998, 51.03605350000004], [-93.98180059999999, 51.02945140000003], [-93.98633319999999, 51.023972600000036], [-94.01487349999996, 51.0099692], [-94.01547919999996, 50.99658260000001], [-94.03721059999998, 50.992066100000045], [-94.04801959999998, 50.98609730000004], [-94.04774309999999, 50.98204400000003], [-94.03821389999996, 50.9731721], [-94.03955389999999, 50.9681152], [-94.045095, 50.96435170000001], [-94.04395009999996, 50.960288100000014], [-94.04922119999998, 50.949647200000015], [-94.04261979999995, 50.94729620000004], [-94.04076829999997, 50.94152130000003], [-94.04718279999997, 50.93939560000001], [-94.04520129999997, 50.92973690000002], [-94.05258319999996, 50.925165100000015], [-94.04340129999997, 50.92115570000004], [-94.01884379999996, 50.91982580000001], [-94.00962499999997, 50.9165605], [-94.007632, 50.91057040000004], [-94.02035419999999, 50.90952470000002], [-94.02104859999997, 50.9061552], [-94.02557179999997, 50.904874500000005], [-94.04430829999995, 50.904474600000015], [-94.05746529999999, 50.895731900000044], [-94.11023659999995, 50.88501680000002], [-94.14271379999997, 50.86376740000003], [-94.14991479999998, 50.86477590000004], [-94.20178319999997, 50.9196427], [-94.2609382, 50.93302080000001], [-94.26874499999997, 50.928059399999995], [-94.3148003, 50.9228124], [-94.33709119999997, 50.93057220000003], [-94.3368165, 50.93288080000002], [-94.34790629999998, 50.92797340000004], [-94.36103179999998, 50.916095299999995], [-94.38433659999998, 50.92422290000002], [-94.42142419999999, 50.92429050000004], [-94.43571329999997, 50.91858610000003], [-94.43948339999997, 50.92028690000001], [-94.43942699999997, 50.925049400000034], [-94.45708189999999, 50.926757699999996], [-94.46431489999998, 50.924169000000006], [-94.47257629999996, 50.92740080000004], [-94.48005359999996, 50.922423700000024], [-94.48626349999995, 50.92702800000001], [-94.49963119999995, 50.925538500000016], [-94.50464899999997, 50.929190800000015], [-94.5041215, 50.91299940000005], [-94.51742379999996, 50.912602400000026], [-94.51605669999998, 50.90817750000002], [-94.52214409999999, 50.90903360000004], [-94.52313999999996, 50.9033728], [-94.52633689999999, 50.902404700000034], [-94.52294279999995, 50.91258450000004], [-94.52949519999999, 50.90980990000003], [-94.55277229999996, 50.90954750000003], [-94.56464489999996, 50.91448820000005], [-94.57305179999997, 50.92247830000002], [-94.58283, 50.924666400000035], [-94.59192939999997, 50.91652960000005], [-94.62019889999999, 50.9079476], [-94.62915999999996, 50.918534100000045], [-94.65278169999999, 50.91463160000001], [-94.65952959999998, 50.907961700000044], [-94.66855719999995, 50.906636900000024], [-94.67034769999998, 50.9145345], [-94.68597119999998, 50.90991200000002], [-94.70151099999998, 50.92023590000002], [-94.69788819999997, 50.93249270000001], [-94.70832789999997, 50.94047950000004], [-94.71321029999996, 50.942491399999994], [-94.72887749999995, 50.93925470000005], [-94.73584839999995, 50.944146200000034], [-94.75345119999997, 50.94122440000001], [-94.761597, 50.960475599999995], [-94.78089599999998, 50.96882830000004], [-94.79794329999999, 50.970375700000034], [-94.81380189999999, 50.97795340000005], [-94.8186662, 50.9761934], [-94.8222978, 50.98308460000004], [-94.82782789999999, 50.98328570000001], [-94.82133219999997, 50.991538700000035], [-94.82572269999997, 50.99846550000001], [-94.84100459999996, 51.00199300000003], [-94.84983949999997, 51.00747540000003], [-94.84734809999998, 51.01764680000002], [-94.85428519999999, 51.01842320000003], [-94.85873759999998, 51.024373000000026], [-94.8744835, 51.02976580000001], [-94.87748419999997, 51.04113700000005], [-94.88794339999998, 51.04470960000003], [-94.89043649999996, 51.04980810000001], [-94.90600359999996, 51.0510448], [-94.90952089999996, 51.04830980000003], [-94.93752359999996, 51.047242900000015], [-94.94191369999999, 51.051668500000005], [-94.94982829999998, 51.05278660000005], [-94.9520483, 51.055784800000026], [-94.94996499999996, 51.05853460000003], [-94.9597794, 51.06718860000001], [-94.96782439999998, 51.06644590000002], [-94.97093749999999, 51.0769052], [-94.9786426, 51.07995110000002], [-94.9837114, 51.078225599999996], [-95.00654379999997, 51.081812900000045], [-95.03287459999996, 51.07936910000001], [-95.04122699999999, 51.08224290000004], [-95.05972019999996, 51.079925400000036], [-95.06569769999999, 51.0881632], [-95.07431809999997, 51.08753530000001], [-95.07686809999996, 51.09279190000001], [-95.08937069999996, 51.09953290000004], [-95.10065889999998, 51.10016200000001], [-95.1058104, 51.09688240000003], [-95.11516, 51.10520810000003], [-95.12382169999995, 51.101316999999995], [-95.1415293, 51.112646900000016], [-95.1429334, 51.1181201], [-95.15365709999998, 51.12047480000001], [-95.15366549999999, 52.75413470000001], [-95.0776459, 52.75516590000001], [-95.0685416, 52.742405399999996], [-94.9989339, 52.709469100000035], [-94.98753629999999, 52.69011290000003], [-94.96824099999998, 52.68483730000003], [-94.93009039999998, 52.68406700000003], [-94.85672829999999, 52.65049800000003], [-94.8525065, 52.63698440000002], [-94.84421699999996, 52.62736670000004], [-94.85002759999998, 52.61201160000002], [-94.82905799999997, 52.59739780000001], [-94.8039129, 52.55810810000003], [-94.79931289999996, 52.5718971], [-94.7792786, 52.58226990000003], [-94.73735879999998, 52.59264430000002], [-94.72217269999999, 52.59295150000003], [-94.69615449999998, 52.6031069], [-94.66580449999998, 52.60121910000004], [-94.6608463, 52.60654690000001], [-94.6287494, 52.61271250000004], [-94.57795969999995, 52.61637200000001], [-94.5663581, 52.62706890000004], [-94.5560777, 52.630840300000045], [-94.55639299999996, 52.63462130000005], [-94.5501347, 52.63556170000004], [-94.5418373, 52.629427899999996], [-94.52361029999997, 52.63171020000004], [-94.5137805, 52.64213870000003], [-94.4763236, 52.65083710000005], [-94.47012529999995, 52.65711920000001], [-94.46137329999999, 52.660268900000005], [-94.43391679999996, 52.667897400000015], [-94.4194412, 52.66705590000004], [-94.40580549999999, 52.674163100000044], [-94.39018289999996, 52.67399620000003], [-94.3716599, 52.6836103], [-94.35017629999999, 52.67703660000001], [-94.33505649999995, 52.67845450000004], [-94.30389699999995, 52.673982100000046], [-94.25054699999998, 52.6570342], [-94.24461279999997, 52.65117520000001], [-94.2391356, 52.65087490000002], [-94.23509629999995, 52.6437138], [-94.18754249999995, 52.6482345], [-94.15390299999996, 52.64453510000004], [-94.15027859999998, 52.63650630000001], [-94.1326358, 52.63126950000003], [-94.12466599999999, 52.634864300000004], [-94.10605619999995, 52.628568099999995], [-94.08977419999997, 52.62841880000002], [-94.07905269999998, 52.6181785], [-94.05167189999997, 52.60969240000003], [-94.04965879999997, 52.61496400000004], [-94.03404339999997, 52.61907030000003], [-94.03019279999995, 52.62443540000004], [-94.00545719999997, 52.6351348], [-93.9924082, 52.64451330000003], [-93.97682349999997, 52.64621820000002], [-93.96949129999996, 52.64121570000003], [-93.95837849999998, 52.64179530000001], [-93.9628591, 52.6471717], [-93.9604569, 52.64972170000004], [-93.94384689999998, 52.65367050000003], [-93.94071599999995, 52.6597524], [-93.92069509999999, 52.6654269], [-93.91263369999996, 52.667520800000034], [-93.8873046, 52.65898470000002], [-93.87066349999998, 52.65838070000001], [-93.86616599999996, 52.66010750000004], [-93.86380359999998, 52.66565080000004], [-93.85442469999998, 52.6694789], [-93.8278181, 52.67254650000001], [-93.80967899999996, 52.657069200000024], [-93.81264709999999, 52.652307699999994], [-93.8091498, 52.647540100000015], [-93.75811139999996, 52.636890900000026], [-93.74890269999997, 52.63179310000004], [-93.74789039999996, 52.628206800000044], [-93.73625139999996, 52.628290900000025], [-93.73969409999995, 52.617618900000025], [-93.74806259999997, 52.6140221], [-93.73815989999997, 52.61004730000002], [-93.73853249999996, 52.60639710000004], [-93.7322997, 52.60231930000003], [-93.71216769999995, 52.60635910000002], [-93.70503879999995, 52.60440730000005], [-93.70152989999997, 52.599687700000004], [-93.68227309999997, 52.593771300000014], [-93.66034359999998, 52.59943960000004], [-93.64934569999997, 52.592358200000035], [-93.64084509999998, 52.59316380000001], [-93.63846369999999, 52.58868490000003], [-93.62349549999999, 52.59433260000003], [-93.61694079999995, 52.58775080000004], [-93.6127184, 52.590554], [-93.59706499999999, 52.59072260000005], [-93.59374829999996, 52.58649200000002], [-93.58249239999998, 52.58307150000002], [-93.56519559999998, 52.58568280000003], [-93.5556272, 52.59181940000002], [-93.5465092, 52.58978110000004], [-93.5370173, 52.59216980000002], [-93.54177879999997, 52.580303800000024], [-93.53808619999995, 52.5715682], [-93.52471959999997, 52.56112360000003], [-93.50950659999995, 52.555603700000006], [-93.48163629999999, 52.54854270000004], [-93.31927519999999, 52.52645560000002], [-93.27578, 52.51773130000004], [-93.22953809999996, 52.50341480000003], [-93.19993619999997, 52.48216310000004], [-93.14826219999998, 52.42454980000002], [-93.14233409999997, 52.415249500000016], [-93.14179239999999, 52.406792300000006], [-93.1463397, 52.39482560000005], [-93.14387519999997, 52.38854660000004], [-93.11847709999995, 52.367047000000014], [-93.09435279999997, 52.35625900000002], [-93.07335689999996, 52.3512427], [-92.99401869999997, 52.34421990000004], [-92.9804383, 52.33855500000004], [-92.95329289999995, 52.307026500000006], [-92.94361119999996, 52.304806299999996], [-92.9356156, 52.29883640000003], [-92.92967999999996, 52.28907080000005], [-92.91254579999998, 52.207325000000026], [-92.9055899, 52.194004500000005], [-92.9339387, 52.180281500000035], [-92.93726239999995, 52.17269520000002], [-92.9293748, 52.15246610000003], [-92.93155719999999, 52.12681230000004], [-92.9178622, 52.11796560000005], [-92.91361189999998, 52.111714000000006], [-92.92148029999998, 52.09035290000003], [-92.93501319999996, 52.0798643], [-92.97302479999996, 52.0731854], [-92.98221759999996, 52.063881700000024], [-92.99198669999998, 52.03259890000004], [-92.98403459999997, 51.993721300000004], [-92.98843189999997, 51.9823437], [-92.99707539999997, 51.97075490000003], [-93.02973649999996, 51.94265870000004], [-93.06690899999995, 51.900025700000015], [-93.07334609999998, 51.886849900000016], [-93.07325209999999, 51.87455010000002], [-93.062319, 51.86694990000001], [-93.043182, 51.86263820000005], [-93.01225729999999, 51.871785000000045], [-92.94924979999996, 51.89967420000005], [-92.93346459999998, 51.8964565], [-92.9183961, 51.8854508], [-92.91259049999996, 51.86845790000001], [-92.90787949999998, 51.864785900000015], [-92.87431039999996, 51.85829920000003], [-92.86090579999995, 51.8499582], [-92.8505725, 51.8388999], [-92.83718089999996, 51.812133200000005], [-92.81863049999998, 51.788441000000034], [-92.81677449999995, 51.78033700000003], [-92.82651959999998, 51.7571901], [-92.8508956, 51.71983290000003], [-92.85205929999995, 51.70757910000003], [-92.84819869999995, 51.70395070000001], [-92.83655279999999, 51.701484900000025], [-92.80779259999997, 51.705982000000006], [-92.78790799999996, 51.70495420000003], [-92.74652069999996, 51.71246550000001], [-92.73332679999999, 51.710516600000005], [-92.6705303, 51.68911050000003], [-92.64439569999996, 51.65624230000003], [-92.6384195, 51.642440100000044], [-92.6366529, 51.6251393], [-92.53356919999999, 51.646413300000006], [-92.51357999999999, 51.648494700000015], [-92.49365869999997, 51.64634700000005], [-92.42870519999997, 51.59771890000002], [-92.38961169999999, 51.58546420000005], [-92.37044359999999, 51.56954200000001], [-92.36874359999996, 51.55320390000003], [-92.3912353, 51.53747020000003], [-92.38874439999995, 51.52899600000001], [-92.3678008, 51.5116926], [-92.39135319999997, 51.499570300000016], [-92.40381989999997, 51.49753030000005], [-92.4316177, 51.495964300000026], [-92.47628269999996, 51.49981390000005], [-92.49651269999998, 51.49708810000004], [-92.51760959999996, 51.48116230000005], [-92.53536549999995, 51.45337860000001]]]}}, {"id": "3", "type": "Feature", "properties": {"RANGE_NAME": "Brightsand", "RANGE_TYPE": "Continuous", "color": "#f58231"}, "geometry": {"type": "Polygon", "coordinates": [[[-89.28433059999998, 51.19540410000002], [-89.28335399999997, 51.17977920000004], [-89.27554149999997, 51.1748963], [-89.26479929999999, 51.1768457], [-89.25894009999996, 51.18173610000002], [-89.25894, 51.190528900000004], [-89.26284629999998, 51.19638070000002], [-89.26089309999998, 51.20125970000004], [-89.22768239999999, 51.1924745], [-89.24917429999999, 51.17099000000002], [-89.26479939999996, 51.16220100000004], [-89.26479939999996, 51.159275200000025], [-89.26089309999998, 51.15634550000004], [-89.2374557, 51.1582909], [-89.23158859999995, 51.1514588], [-89.20326819999997, 51.14950950000002], [-89.19447919999999, 51.13876730000004], [-89.19447929999995, 51.13290410000002], [-89.18861989999999, 51.1290017], [-89.18373699999995, 51.13485730000002], [-89.18569019999995, 51.14657220000004], [-89.17983069999997, 51.14657980000004], [-89.16322909999997, 51.15536500000002], [-89.15444009999999, 51.155361200000016], [-89.14662759999999, 51.13974000000002], [-89.1158479, 51.14462180000004], [-89.12122209999995, 51.136126500000046], [-89.1012619, 51.12469330000005], [-89.10275229999996, 51.1169261], [-89.0880057, 51.100444400000015], [-89.07059939999999, 51.10089800000003], [-89.04642579999995, 51.09011780000003], [-89.05259769999998, 51.07824440000002], [-89.04998489999997, 51.07307560000004], [-89.05045679999995, 51.05935640000001], [-89.05754079999997, 51.05516510000001], [-89.06638629999998, 51.05798370000002], [-89.07089979999995, 51.0562104], [-89.06580119999995, 51.05333940000003], [-89.06767109999998, 51.04534180000002], [-89.04678579999995, 51.041326800000036], [-89.04858329999996, 51.03810600000003], [-89.0403493, 51.02337060000002], [-89.02778229999996, 51.017708200000015], [-89.03547939999999, 50.997485400000016], [-89.01987939999998, 50.996791900000005], [-88.99960379999999, 50.99103610000003], [-88.99389279999997, 50.98595540000002], [-88.9905693, 50.98742900000002], [-88.9827406, 50.9837761], [-88.98205209999998, 50.980573900000024], [-88.98948909999996, 50.96357370000004], [-88.98542299999997, 50.95939780000003], [-88.99584009999995, 50.95296140000005], [-88.9963563, 50.94162640000002], [-89.0005132, 50.935414700000024], [-88.99888139999996, 50.92524380000003], [-89.00308609999996, 50.920432000000005], [-89.00210859999999, 50.913102400000014], [-89.01287209999998, 50.908697200000006], [-89.01100499999995, 50.90460820000004], [-88.99082859999999, 50.9002797], [-88.98196409999997, 50.892821800000036], [-88.98692509999995, 50.87807750000002], [-89.00038709999995, 50.866785100000016], [-88.98794029999999, 50.86285170000002], [-88.98424649999998, 50.85670440000001], [-89.0000293, 50.84149150000002], [-88.99993459999996, 50.836951200000044], [-89.01607239999998, 50.82548490000005], [-89.0198514, 50.81763080000002], [-89.01762499999995, 50.81110370000005], [-89.02122329999997, 50.8079745], [-89.01842319999997, 50.80097170000005], [-89.01175189999998, 50.79731850000002], [-88.99574959999995, 50.80177560000004], [-88.99308689999998, 50.79990550000002], [-89.00776489999998, 50.797998800000016], [-89.0087744, 50.7944018], [-89.02064159999998, 50.80074440000004], [-89.0264593, 50.79842190000005], [-89.02563839999999, 50.792239300000006], [-89.0139302, 50.78691980000002], [-89.0073635, 50.78068330000002], [-89.00469519999996, 50.77435250000002], [-89.0155378, 50.78636140000003], [-89.0317387, 50.79024450000003], [-89.02503179999997, 50.785099700000046], [-89.02788069999997, 50.77913210000003], [-89.02602109999998, 50.773525199999995], [-89.03110679999998, 50.771412999999995], [-89.03562979999998, 50.7746439], [-89.03582069999999, 50.76956800000005], [-89.04002019999996, 50.767641800000035], [-89.046806, 50.769744400000036], [-89.04539489999996, 50.76633340000001], [-89.05444309999996, 50.7598605], [-89.05278499999997, 50.755995299999995], [-89.05991489999997, 50.751750200000004], [-89.06847139999996, 50.7512749], [-89.06948889999995, 50.75570000000005], [-89.07464929999998, 50.757928700000036], [-89.07895529999996, 50.75430830000005], [-89.07368109999999, 50.75142520000003], [-89.07375049999996, 50.74786230000001], [-89.07045979999998, 50.75007040000003], [-89.06479859999996, 50.747391600000014], [-89.06402269999995, 50.743609900000024], [-89.07115339999996, 50.72981230000005], [-89.0648668, 50.727999100000034], [-89.07185899999996, 50.729745800000046], [-89.0824791, 50.7260488], [-89.08478599999995, 50.715133700000024], [-89.08187709999999, 50.7089527], [-89.12114839999998, 50.68616910000003], [-89.14587179999995, 50.61672470000002], [-89.15170549999999, 50.582280200000014], [-89.16420599999998, 50.57116920000004], [-89.16601629999997, 50.5634824], [-89.16393119999998, 50.56111960000004], [-89.1664467, 50.5587074], [-89.16738549999997, 50.56131620000002], [-89.16879169999999, 50.54858100000001], [-89.16605929999997, 50.54779540000004], [-89.1687326, 50.5460635], [-89.16495959999997, 50.542275200000006], [-89.1659214, 50.52938620000003], [-89.17226979999998, 50.518600400000025], [-89.1913174, 50.525562500000035], [-89.17351629999996, 50.51656220000001], [-89.17363879999999, 50.513394000000005], [-89.16877019999998, 50.51581440000001], [-89.16329959999996, 50.512795100000005], [-89.1643717, 50.51063450000004], [-89.15749039999997, 50.508828300000005], [-89.15109099999995, 50.498369300000036], [-89.15294419999998, 50.4932263], [-89.13713109999998, 50.49214170000005], [-89.13834149999997, 50.48865650000005], [-89.13286259999995, 50.48595970000002], [-89.13483349999996, 50.47808050000003], [-89.13821869999998, 50.4778202], [-89.13507729999998, 50.47347980000001], [-89.14953429999997, 50.47246710000002], [-89.1513769, 50.47549090000001], [-89.14843079999997, 50.47486190000001], [-89.15003469999999, 50.4775937], [-89.14722069999999, 50.4805058], [-89.14946949999995, 50.480976999999996], [-89.15900869999996, 50.47748590000003], [-89.16106719999999, 50.47471790000003], [-89.1586317, 50.473233900000025], [-89.16359899999998, 50.47275480000002], [-89.15962909999996, 50.469761500000004], [-89.16560289999995, 50.46663720000004], [-89.1624832, 50.4659039], [-89.16547449999996, 50.46321290000003], [-89.16245859999998, 50.459500200000036], [-89.15978989999996, 50.4627787], [-89.15735239999998, 50.460926099999995], [-89.15678589999999, 50.45838230000004], [-89.16093239999998, 50.457235000000026], [-89.15608879999996, 50.45421280000005], [-89.1714988, 50.44737790000005], [-89.18095929999998, 50.44756060000003], [-89.18406549999997, 50.44450720000003], [-89.18270759999996, 50.442086200000006], [-89.19156939999999, 50.445184600000005], [-89.18416539999998, 50.44040380000001], [-89.18667099999999, 50.43731660000003], [-89.18223769999997, 50.4361586], [-89.18972839999998, 50.43581990000001], [-89.20028439999999, 50.44752060000002], [-89.20172109999999, 50.445397600000035], [-89.2084317, 50.44733020000001], [-89.20611159999999, 50.443785400000024], [-89.20951589999999, 50.440365799999995], [-89.21484279999999, 50.444051100000024], [-89.21339179999995, 50.448270200000024], [-89.21472509999995, 50.44635600000004], [-89.21797879999997, 50.4505666], [-89.21924669999999, 50.445451400000024], [-89.21507199999996, 50.441114500000026], [-89.21698939999999, 50.436634500000025], [-89.22468859999998, 50.4395457], [-89.22584769999997, 50.4363305], [-89.22149589999998, 50.435127600000044], [-89.22254449999997, 50.43256200000002], [-89.23693689999999, 50.436153700000034], [-89.23422519999997, 50.43299490000004], [-89.23725479999996, 50.43315270000005], [-89.23710719999997, 50.283891100000005], [-89.12247979999995, 50.22288500000002], [-89.1079014, 50.19917750000002], [-89.11086999999998, 50.18864460000003], [-89.10530999999997, 50.16830020000003], [-89.10528749999997, 50.15886500000005], [-89.11312929999997, 50.15285780000005], [-89.11886149999998, 50.135267200000044], [-89.1401616, 50.12336290000002], [-89.14734899999996, 50.115458500000045], [-89.14315519999997, 50.08857800000004], [-89.15873749999997, 50.07350130000003], [-89.148663, 50.05729930000001], [-89.14795279999998, 50.04390080000002], [-89.11094479999997, 50.01125330000002], [-89.11498469999998, 49.9983527], [-89.10683539999997, 49.98335330000003], [-89.10982099999995, 49.9792152], [-89.12944349999998, 49.97059900000005], [-89.1525499, 49.94489580000004], [-89.15626579999997, 49.9260357], [-89.15818099999996, 49.88155440000003], [-89.15527879999996, 49.8757794], [-89.15598, 49.853395000000035], [-89.17489769999997, 49.81332680000003], [-89.1714455, 49.80359550000003], [-89.15212069999995, 49.788106200000016], [-89.13909339999998, 49.7860177], [-89.1363983, 49.78286510000004], [-89.17528659999999, 49.727394600000025], [-89.17387679999996, 49.72099830000002], [-89.15537229999995, 49.702615500000036], [-89.16046309999996, 49.686058700000046], [-89.15763019999997, 49.670927000000006], [-89.165346, 49.65896270000002], [-89.1629011, 49.64788980000003], [-89.17723859999995, 49.63947090000005], [-89.17780189999996, 49.61608060000003], [-89.18783659999997, 49.60952230000004], [-89.17915589999996, 49.5933589], [-89.18756659999997, 49.581532700000025], [-89.2096525, 49.573061800000005], [-89.21168079999995, 49.56442530000004], [-89.22765809999999, 49.585045800000046], [-89.23962799999998, 49.587408900000014], [-89.24608949999998, 49.58548790000003], [-89.25001739999999, 49.59290290000001], [-89.2544929, 49.594505800000036], [-89.25368999999995, 49.58795230000004], [-89.25987619999995, 49.58470730000005], [-89.28867349999996, 49.57894220000003], [-89.28925679999998, 49.56940850000001], [-89.3213212, 49.57872910000003], [-89.34970549999997, 49.57513210000002], [-89.34984449999996, 49.56967840000004], [-89.38617529999999, 49.56445030000003], [-89.3914241, 49.56119330000001], [-89.39189239999996, 49.54473860000002], [-89.3966585, 49.54070850000005], [-89.39831939999999, 49.532980699999996], [-89.41530029999996, 49.52009700000002], [-89.43547359999997, 49.51450090000003], [-89.443127, 49.5166964], [-89.45261499999998, 49.52847860000003], [-89.4605841, 49.52864210000001], [-89.45911419999999, 49.52551570000003], [-89.46440819999998, 49.522785], [-89.46697819999997, 49.52579800000001], [-89.47009879999996, 49.5243729], [-89.472621, 49.53354920000004], [-89.4683925, 49.53878550000002], [-89.47014639999998, 49.54149190000004], [-89.464877, 49.54419530000001], [-89.4676523, 49.547140900000045], [-89.4625173, 49.559792300000026], [-89.47659729999998, 49.57050780000003], [-89.46889579999998, 49.574103800000046], [-89.49585199999996, 49.58259680000003], [-89.5187828, 49.572490500000015], [-89.5310872, 49.57233110000004], [-89.53593049999995, 49.575285699999995], [-89.54854849999998, 49.56987550000002], [-89.5809658, 49.56662950000003], [-89.59650049999999, 49.553615500000035], [-89.59848579999999, 49.54664600000001], [-89.6178084, 49.5395929], [-89.6325478, 49.536909700000024], [-89.64194949999995, 49.53935130000002], [-89.65503919999998, 49.532580800000005], [-89.67047979999995, 49.540594999999996], [-89.67840849999999, 49.536396600000046], [-89.69176899999997, 49.53549140000001], [-89.6966587, 49.53158140000005], [-89.69370359999999, 49.527862700000014], [-89.6987987, 49.526016500000026], [-89.69075089999995, 49.52090510000005], [-89.69953799999996, 49.51886490000004], [-89.7039307, 49.514326900000015], [-89.69816989999998, 49.5090725], [-89.69980719999995, 49.50568750000002], [-89.69303489999999, 49.500600399999996], [-89.69408529999998, 49.49407130000003], [-89.680182, 49.49416060000004], [-89.67950129999997, 49.4890302], [-89.68881049999999, 49.480734900000016], [-89.68571349999996, 49.47712720000004], [-89.69348929999995, 49.46232650000002], [-89.68947059999999, 49.459010300000045], [-89.69170699999995, 49.45599820000001], [-89.68462549999998, 49.442073900000025], [-89.68570589999996, 49.43684870000004], [-89.70991069999997, 49.43448420000004], [-89.70970989999995, 49.428838799999994], [-89.71871329999999, 49.42727780000001], [-89.72947999999997, 49.41549900000001], [-89.7485891, 49.41025970000004], [-89.74803749999995, 49.404335100000026], [-89.75098499999996, 49.403545199999996], [-89.74866739999999, 49.40302460000004], [-89.75707319999998, 49.39951350000001], [-89.78088939999998, 49.39601860000005], [-89.78591819999997, 49.400602700000036], [-89.79436729999998, 49.39936400000005], [-89.8057824, 49.38511540000002], [-89.80237589999996, 49.38216620000003], [-89.80311019999999, 49.37618360000005], [-89.8222829, 49.366693], [-90.34030329999996, 49.3681024], [-90.33922559999996, 49.37190480000004], [-90.3418595, 49.37260100000003], [-90.33939509999999, 49.37608190000003], [-90.3435801, 49.37700430000001], [-90.33852429999996, 49.378275900000006], [-90.3391957, 49.38317860000001], [-90.33491649999996, 49.38888450000002], [-90.34432479999998, 49.394132300000024], [-90.34158479999996, 49.39758520000004], [-90.34445369999997, 49.40144790000005], [-90.35237939999996, 49.40171750000002], [-90.35349499999995, 49.396814800000016], [-90.36478679999999, 49.39265620000003], [-90.36703799999998, 49.39518250000003], [-90.38036289999997, 49.39574630000004], [-90.36753589999995, 49.41174050000001], [-90.36832809999999, 49.40765060000001], [-90.36582749999997, 49.40746250000001], [-90.3621023, 49.414975800000036], [-90.3715411, 49.41709400000002], [-90.36561929999999, 49.423292000000004], [-90.36729599999995, 49.42653440000004], [-90.37150979999996, 49.42606980000005], [-90.36634409999999, 49.4316546], [-90.37610319999999, 49.434586600000046], [-90.36874749999998, 49.435076700000025], [-90.3637579, 49.44175190000004], [-90.35772359999999, 49.439548900000034], [-90.35551769999995, 49.443083700000045], [-90.36880459999998, 49.44490810000002], [-90.36513119999995, 49.44882100000001], [-90.37159269999995, 49.447472000000005], [-90.38222239999999, 49.4534999], [-90.36372089999998, 49.46455830000002], [-90.40009279999998, 49.46168450000005], [-90.39879129999997, 49.4594151], [-90.40179789999996, 49.45841210000003], [-90.41693619999995, 49.462385900000015], [-90.4206299, 49.4587765], [-90.42985929999998, 49.45896520000002], [-90.43375119999996, 49.45322200000004], [-90.44546069999996, 49.451342400000044], [-90.45207749999997, 49.453787000000034], [-90.45151859999999, 49.45985630000001], [-90.45523119999996, 49.45958110000004], [-90.4477243, 49.4683326], [-90.45894249999998, 49.462435200000016], [-90.46837, 49.46192690000004], [-90.47124919999999, 49.4646601], [-90.48042399999997, 49.4612606], [-90.4725532, 49.4644361], [-90.48769199999998, 49.46565900000002], [-90.48665729999999, 49.46827910000002], [-90.4898384, 49.46940760000001], [-90.49228469999997, 49.46178120000002], [-90.49494869999995, 49.46145660000002], [-90.49613, 49.46642450000002], [-90.49228359999995, 49.470098199999995], [-90.49452649999995, 49.47308080000005], [-90.5097184, 49.46833510000005], [-90.5102781, 49.470553499999994], [-90.52451329999997, 49.46974700000004], [-90.5238521, 49.46533930000004], [-90.52565449999997, 49.464546900000016], [-90.52645609999996, 49.46738770000002], [-90.53013539999995, 49.46473380000003], [-90.5286208, 49.46873960000005], [-90.53228559999997, 49.471764199999996], [-90.5639587, 49.471707200000026], [-90.5642469, 49.54143920000001], [-90.92633859999995, 49.541568900000016], [-90.9398756, 49.54978160000002], [-90.94503509999998, 49.56068860000005], [-90.95580439999998, 49.5663988], [-90.95576829999999, 49.58362820000002], [-90.9705879, 49.59676030000003], [-90.96920879999999, 49.602495300000044], [-90.97747959999998, 49.617302800000004], [-90.9838057, 49.62236360000003], [-90.98400369999996, 49.628084100000024], [-90.89722259999996, 49.628070800000046], [-90.8965579, 49.87281010000004], [-90.93540959999996, 49.88250020000004], [-90.93058729999996, 49.8845829], [-90.93138769999996, 49.891910499999994], [-90.9274944, 49.89828170000004], [-90.94954989999997, 49.90130060000001], [-91.03468179999999, 49.93728070000003], [-91.04633789999997, 49.93336690000001], [-91.04522499999996, 49.937108100000046], [-91.05336399999999, 49.94436920000004], [-91.05959869999998, 49.9428815], [-91.06481209999998, 49.94704340000004], [-91.13952139999998, 49.95697320000005], [-91.16612659999998, 49.949913200000026], [-91.1920131, 49.94992380000002], [-91.21410029999998, 49.95390900000001], [-91.21172089999999, 50.13570170000003], [-91.23906799999997, 50.19873580000001], [-91.2392365, 50.472235400000045], [-91.13865069999997, 50.47107920000002], [-91.13098659999997, 50.46679210000002], [-91.12242219999996, 50.46801680000004], [-91.11305189999996, 50.46228430000002], [-91.09824349999997, 50.47000260000004], [-91.06307089999996, 50.4749602], [-91.04673099999997, 50.474427400000025], [-91.03908839999997, 50.467489], [-91.00870229999998, 50.46670770000003], [-91.01029789999996, 50.47290400000003], [-90.98614269999996, 50.47555890000001], [-90.98589099999998, 50.478495699999996], [-90.99085019999995, 50.47788890000004], [-90.98995819999999, 50.48045010000004], [-90.97867689999998, 50.49205790000002], [-90.96237529999996, 50.49764250000004], [-90.95922149999996, 50.50380690000003], [-90.96148649999998, 50.50624920000001], [-90.9153804, 50.54287190000002], [-90.854537, 50.57379000000003], [-90.83922259999997, 50.58612040000003], [-90.83949209999997, 50.59111160000003], [-90.8175961, 50.599697900000024], [-90.75920119999995, 50.593772200000046], [-90.6832933, 50.592104500000005], [-90.6428292, 50.58487250000002], [-90.56774509999997, 50.585028100000045], [-90.45932119999998, 50.63703240000001], [-90.44054, 50.706726900000035], [-90.43552199999999, 50.795010700000034], [-90.42988509999998, 50.796959500000014], [-90.38248929999997, 50.932289800000035], [-90.4089275, 50.96947700000004], [-90.39960589999998, 50.97339820000002], [-90.39374079999999, 50.982477700000004], [-90.39690999999999, 50.995356500000014], [-90.39289919999999, 51.002831300000025], [-90.37340879999999, 51.01071430000002], [-90.35514329999995, 51.0302787], [-90.31442809999999, 51.052482499999996], [-90.3138563, 51.080375900000035], [-90.31641529999996, 51.08698270000002], [-90.30760099999998, 51.08730250000002], [-90.2998657, 51.094993500000044], [-90.29879749999998, 51.09173190000001], [-90.28355399999998, 51.09701530000001], [-90.28082269999999, 51.10290900000001], [-90.27416999999997, 51.10548780000005], [-90.2794647, 51.10089880000004], [-90.27790819999996, 51.09878180000004], [-90.26636499999995, 51.109424500000046], [-90.25640099999998, 51.113326900000004], [-90.25622549999997, 51.11631030000001], [-90.24971, 51.117263800000046], [-90.25439449999999, 51.11195750000002], [-90.2508315, 51.11256780000002], [-90.24722299999996, 51.11917500000004], [-90.25769019999996, 51.12152480000003], [-90.25669069999998, 51.12554180000001], [-90.23704519999995, 51.12692270000002], [-90.2402037, 51.123966300000006], [-90.23159019999997, 51.11867130000002], [-90.23039999999997, 51.114200400000016], [-90.23853299999996, 51.11102680000005], [-90.22744749999998, 51.10935980000005], [-90.21572079999999, 51.1161525], [-90.2158622, 51.1187913], [-90.20824849999997, 51.11351870000004], [-90.18807189999995, 51.1125672], [-90.17720939999998, 51.118232800000044], [-90.18251119999996, 51.120114700000045], [-90.1919082, 51.115519800000015], [-90.19272909999995, 51.11871460000003], [-90.16599449999995, 51.129446400000006], [-90.16589859999999, 51.000246900000036], [-89.76575359999998, 51.00010320000001], [-89.7570025, 51.00595130000005], [-89.76383849999996, 51.01083410000001], [-89.7579791, 51.01669340000001], [-89.73356509999996, 51.02060350000005], [-89.70622119999996, 51.02938880000005], [-89.66618219999998, 51.05087310000005], [-89.6564166, 51.05282620000003], [-89.6466509, 51.067474600000025], [-89.57340099999999, 51.126072100000044], [-89.56851819999997, 51.136810500000024], [-89.5362915, 51.136810500000024], [-89.52457279999999, 51.14169330000004], [-89.50992439999999, 51.14170100000001], [-89.50797119999999, 51.136810500000024], [-89.51480719999995, 51.129970800000024], [-89.5138306, 51.12606450000004], [-89.47281499999997, 51.13486110000002], [-89.4484008, 51.1455957], [-89.42886959999998, 51.1612245], [-89.43082269999996, 51.16415800000004], [-89.45328369999999, 51.161228300000005], [-89.4571899, 51.16415420000004], [-89.45426029999999, 51.175876800000026], [-89.43961179999997, 51.180759600000044], [-89.4269165, 51.1924707], [-89.41909629999998, 51.19540420000004], [-89.41519009999996, 51.19443520000004], [-89.41128379999998, 51.1856348], [-89.39077599999996, 51.1905251], [-89.34878379999998, 51.21884160000002], [-89.34292439999996, 51.22567760000004], [-89.3204634, 51.2354469], [-89.2892134, 51.25790420000004], [-89.28166729999998, 51.2579035], [-89.27878669999996, 51.25019000000003], [-89.26985249999996, 51.24334280000005], [-89.26776959999995, 51.23479910000003], [-89.27381229999997, 51.22357960000005], [-89.29774759999998, 51.213791600000036], [-89.29507289999998, 51.20224000000002], [-89.28433059999998, 51.19540410000002]]]}}, {"id": "0", "type": "Feature", "properties": {"RANGE_NAME": "Churchill", "RANGE_TYPE": "Continuous", "color": "#ffe119"}, "geometry": {"type": "Polygon", "coordinates": [[[-92.79119559999998, 51.452440000000024], [-91.9491238, 51.452258400000005], [-91.93033409999998, 51.45372320000001], [-91.92745739999998, 51.46435260000004], [-91.92054059999998, 51.4720289], [-91.91216209999999, 51.47547050000003], [-91.89672229999996, 51.47535300000004], [-91.88123989999997, 51.480929100000026], [-91.8648844, 51.47796800000003], [-91.8590896, 51.470478300000025], [-91.8632364, 51.46209190000002], [-91.84628519999995, 51.4517659], [-91.8132023, 51.45460710000003], [-91.77266629999997, 51.44134700000001], [-91.77168419999998, 51.43441710000002], [-91.77937279999998, 51.42197570000002], [-91.796806, 51.41701740000002], [-91.8139741, 51.3966509], [-91.82902679999995, 51.38760560000003], [-91.8075321, 51.37808320000005], [-91.77163719999999, 51.39441400000004], [-91.75957209999996, 51.394357300000024], [-91.7511169, 51.38993500000004], [-91.75183119999997, 51.37785180000003], [-91.76195009999998, 51.368475000000046], [-91.7655006, 51.35944230000001], [-91.76029339999997, 51.354948200000024], [-91.76228859999998, 51.34601550000002], [-91.75782899999996, 51.339020600000026], [-91.76340959999999, 51.32055580000002], [-91.72798169999999, 51.315955900000006], [-91.70507219999996, 51.30228520000003], [-91.69738489999997, 51.30667880000004], [-91.68352089999996, 51.30698570000004], [-91.67270209999998, 51.3119724], [-91.6399973, 51.31137800000005], [-91.63910879999997, 51.32160330000005], [-91.6335502, 51.32776370000005], [-91.6141743, 51.334581800000024], [-91.59939259999999, 51.33231570000004], [-91.58763449999998, 51.32423830000005], [-91.57756949999998, 51.32898660000001], [-91.56501849999995, 51.330045900000016], [-91.55417269999998, 51.3287363], [-91.54660569999999, 51.324072], [-91.54355579999998, 51.312242000000026], [-91.55285979999996, 51.30256750000001], [-91.55290769999999, 51.2847476], [-91.55624029999996, 51.27894100000003], [-91.5474466, 51.271311000000026], [-91.55255469999997, 51.26382040000004], [-91.5516136, 51.25332850000001], [-91.56416329999996, 51.2470429], [-91.57631409999999, 51.24852880000003], [-91.58330269999999, 51.253563299999996], [-91.59697489999996, 51.252237500000035], [-91.60926079999996, 51.22663], [-91.60446439999998, 51.21987280000002], [-91.5893939, 51.2157115], [-91.5856599, 51.20134540000004], [-91.57229359999997, 51.19529440000002], [-91.56980469999996, 51.18967580000003], [-91.57727459999995, 51.170285000000035], [-91.55717479999998, 51.180148599999995], [-91.5467635, 51.178572599999995], [-91.53973829999995, 51.17209580000002], [-91.52712029999998, 51.17637480000002], [-91.51541579999997, 51.17398810000003], [-91.49684789999998, 51.179011400000036], [-91.45138429999997, 51.18060060000005], [-91.4400306, 51.17682720000005], [-91.43617329999995, 51.1699251], [-91.40155579999998, 51.185028500000044], [-91.38502399999999, 51.19620280000004], [-91.30251089999996, 51.2167427], [-91.2558219, 51.21923930000003], [-91.24287149999998, 51.21376670000001], [-91.24202429999997, 51.20615180000004], [-91.25054359999996, 51.20005430000003], [-91.28013219999997, 51.19734200000005], [-91.2934717, 51.19276230000003], [-91.29852629999999, 51.188120500000025], [-91.2945585, 51.18244450000003], [-91.29618149999999, 51.17325210000001], [-91.30400889999999, 51.165296900000044], [-91.31363919999995, 51.16234970000005], [-91.3438117, 51.16493460000004], [-91.35614119999997, 51.1631223], [-91.36577669999997, 51.15720300000004], [-91.36653059999998, 51.150604799999996], [-91.37512659999999, 51.141481999999996], [-91.40450069999997, 51.136252100000036], [-91.41464509999997, 51.127511800000036], [-91.42731269999996, 51.124741099999994], [-91.41543229999996, 51.119409700000006], [-91.41494709999995, 51.11072130000002], [-91.40733179999995, 51.10295660000003], [-91.411834, 51.091319], [-91.41827559999996, 51.086892800000044], [-91.4036418, 51.065755600000045], [-91.40784199999996, 51.04794900000002], [-91.39524, 51.057375500000035], [-91.38259439999996, 51.05801600000001], [-91.3530485, 51.08176260000005], [-91.3226042, 51.08093930000001], [-91.30835159999998, 51.088916900000015], [-91.28836409999997, 51.08484550000003], [-91.25761559999995, 51.0883498], [-91.24749449999996, 51.081785300000035], [-91.225618, 51.075265700000045], [-91.20700399999998, 51.0823542], [-91.17817249999996, 51.08159440000003], [-91.15619379999998, 51.08490320000004], [-91.14911699999999, 51.08286430000004], [-91.14405499999998, 51.07661830000001], [-91.1457077, 51.07126290000002], [-91.1553834, 51.06266320000003], [-91.15140489999999, 51.05828360000004], [-91.14195459999996, 51.051282800000024], [-91.1297869, 51.052469900000006], [-91.1170386, 51.04566920000002], [-91.09767519999997, 51.04414030000004], [-91.09265169999998, 51.03791030000002], [-91.09433509999997, 51.02746060000004], [-91.0642651, 51.01835140000003], [-91.05091799999997, 51.028029100000026], [-91.04001589999996, 51.02857830000005], [-91.0337022, 51.026326600000004], [-91.02865529999997, 51.01962830000002], [-91.00091069999996, 51.015161000000035], [-90.99032839999995, 51.01711030000001], [-90.97604059999998, 51.012943500000006], [-90.97039509999996, 51.015289499999994], [-90.9651159, 51.02725380000004], [-90.94356949999997, 51.042353200000036], [-90.9428097, 51.05398630000002], [-90.93579879999999, 51.062748], [-90.9074584, 51.0780795], [-90.89925209999996, 51.07881900000001], [-90.89936129999995, 51.08976560000002], [-90.8911933, 51.09760210000002], [-90.8830764, 51.099596899999995], [-90.87266309999995, 51.097459000000015], [-90.85774679999997, 51.08361400000001], [-90.8418964, 51.08459860000005], [-90.83088319999996, 51.08029880000004], [-90.82644819999996, 51.08412120000003], [-90.82609509999997, 51.08926740000004], [-90.84039059999998, 51.094812200000035], [-90.84431269999999, 51.10059810000001], [-90.85852139999997, 51.10070630000001], [-90.86602109999995, 51.107949399999995], [-90.86397539999996, 51.11688940000005], [-90.85066949999998, 51.12606600000004], [-90.84924649999999, 51.13343710000004], [-90.83970299999999, 51.13783970000003], [-90.83514119999995, 51.14621920000002], [-90.82244259999999, 51.14923750000003], [-90.8076107, 51.142889300000036], [-90.8099282, 51.11629970000001], [-90.78978699999999, 51.11793660000001], [-90.7706708, 51.109737800000005], [-90.76413009999999, 51.11075090000003], [-90.72945219999997, 51.12842360000002], [-90.72887799999995, 51.135847100000035], [-90.73452989999998, 51.142636700000025], [-90.7302009, 51.14970870000002], [-90.73160059999998, 51.158017700000016], [-90.71539079999997, 51.16549610000004], [-90.70838659999998, 51.1743439], [-90.69414129999996, 51.17850060000001], [-90.69503179999998, 51.18554880000005], [-90.6904864, 51.19051330000002], [-90.6796607, 51.19485270000001], [-90.66142199999996, 51.19625330000002], [-90.65101069999997, 51.20363630000003], [-90.62096269999995, 51.20896880000004], [-90.61295619999999, 51.222057199999995], [-90.59772219999996, 51.229421700000046], [-90.59522709999999, 51.23835630000002], [-90.57270289999997, 51.24542530000002], [-90.5560989, 51.23974240000001], [-90.55337219999996, 51.23500960000001], [-90.55516419999998, 51.22994730000005], [-90.57253079999998, 51.2164573], [-90.59084509999997, 51.19499080000003], [-90.61490759999998, 51.177417400000024], [-90.63712499999997, 51.16689820000005], [-90.64235299999996, 51.1597342], [-90.62201519999996, 51.16717010000002], [-90.59421979999996, 51.16768080000003], [-90.5816696, 51.180808900000045], [-90.5570588, 51.18646240000004], [-90.5371978, 51.2099374], [-90.52068709999998, 51.22254630000003], [-90.50316609999999, 51.23084670000003], [-90.4916882, 51.23149540000003], [-90.47951739999996, 51.224999800000035], [-90.4745939, 51.218835900000045], [-90.4796116, 51.20914330000005], [-90.47285489999996, 51.205130800000006], [-90.47206349999999, 51.198252800000034], [-90.48390459999996, 51.189193200000034], [-90.47389499999997, 51.184485800000004], [-90.4722764, 51.180881200000044], [-90.47573519999997, 51.172891400000026], [-90.46918449999998, 51.16991260000003], [-90.44521549999996, 51.17782040000003], [-90.42976449999998, 51.17801940000004], [-90.41272199999997, 51.183522100000005], [-90.40021409999997, 51.18153650000005], [-90.3949978, 51.17509700000005], [-90.3820677, 51.18545240000003], [-90.3708919, 51.18577680000004], [-90.3626041, 51.181257500000015], [-90.36124469999999, 51.17053500000003], [-90.35485089999997, 51.16078420000002], [-90.36385009999998, 51.146942000000024], [-90.37763709999996, 51.14020290000002], [-90.39970799999998, 51.13939240000002], [-90.40854279999996, 51.13195910000002], [-90.40665729999995, 51.125546799999995], [-90.4097648, 51.12034600000004], [-90.4070997, 51.11541460000001], [-90.39272679999999, 51.112315100000046], [-90.38848389999998, 51.10291790000002], [-90.36683979999998, 51.110551000000044], [-90.3564538, 51.10946160000003], [-90.34989809999996, 51.10377920000002], [-90.3399655, 51.1014902], [-90.31867259999996, 51.1087713], [-90.31386379999998, 51.08049300000005], [-90.31442809999999, 51.052482499999996], [-90.35514329999995, 51.0302787], [-90.37340879999999, 51.01071430000002], [-90.39289919999999, 51.002831300000025], [-90.39690999999999, 50.995356500000014], [-90.39374079999999, 50.982477700000004], [-90.39960589999998, 50.97339820000002], [-90.4089275, 50.96947700000004], [-90.38248929999997, 50.932289800000035], [-90.42988509999998, 50.796959500000014], [-90.43552199999999, 50.795010700000034], [-90.44054, 50.706726900000035], [-90.45932119999998, 50.63703240000001], [-90.56774509999997, 50.585028100000045], [-90.6428292, 50.58487250000002], [-90.6832933, 50.592104500000005], [-90.75920119999995, 50.593772200000046], [-90.8175961, 50.599697900000024], [-90.83949209999997, 50.59111160000003], [-90.83922259999997, 50.58612040000003], [-90.854537, 50.57379000000003], [-90.9153804, 50.54287190000002], [-90.96148649999998, 50.50624920000001], [-90.95922149999996, 50.50380690000003], [-90.96237529999996, 50.49764250000004], [-90.97867689999998, 50.49205790000002], [-90.98995819999999, 50.48045010000004], [-90.99085019999995, 50.47788890000004], [-90.98589099999998, 50.478495699999996], [-90.98614269999996, 50.47555890000001], [-91.01029789999996, 50.47290400000003], [-91.00870229999998, 50.46670770000003], [-91.03908839999997, 50.467489], [-91.04673099999997, 50.474427400000025], [-91.06307089999996, 50.4749602], [-91.09824349999997, 50.47000260000004], [-91.11305189999996, 50.46228430000002], [-91.12242219999996, 50.46801680000004], [-91.13098659999997, 50.46679210000002], [-91.13865069999997, 50.47107920000002], [-91.2392365, 50.472235400000045], [-91.23906799999997, 50.19873580000001], [-91.21172089999999, 50.13570170000003], [-91.21410029999998, 49.95390900000001], [-91.2426936, 49.95314940000003], [-91.24363969999996, 49.956267000000025], [-91.25786539999996, 49.95690430000002], [-91.2639648, 49.9640837], [-91.26921999999996, 49.964522000000045], [-91.2914371, 49.95023470000001], [-91.31966739999996, 49.946185600000035], [-91.32319609999996, 49.94893510000003], [-91.32060739999997, 49.956831100000045], [-91.32586949999995, 49.96269080000002], [-91.32875609999996, 49.96348790000002], [-91.33247879999999, 49.95825260000004], [-91.33444169999996, 49.96116810000001], [-91.33802319999995, 49.9596004], [-91.33776029999996, 49.95387600000004], [-91.34370109999998, 49.9526027], [-91.34535259999996, 49.947700499999996], [-91.34517689999996, 49.84516610000003], [-91.38135889999995, 49.84761560000004], [-91.45574679999999, 49.87178340000003], [-91.47913139999997, 49.88629530000003], [-91.52715379999995, 49.9052734], [-91.5450204, 49.92014230000001], [-91.55814029999999, 49.926323600000046], [-91.5685929, 49.94739270000002], [-91.58747889999995, 49.956969600000036], [-91.59719799999999, 49.96986880000003], [-91.59833129999998, 49.97982160000004], [-91.62314709999998, 49.99588620000003], [-91.63698469999997, 49.9989817], [-91.6605017, 50.023414900000034], [-91.67668549999996, 50.03092200000003], [-91.67931219999997, 50.03595290000004], [-91.6966329, 50.047643600000015], [-91.7447095, 50.0683712], [-91.74533779999996, 50.07808080000001], [-91.75726649999996, 50.08214860000004], [-91.7646876, 50.100285299999996], [-91.71871719999996, 50.11524840000004], [-91.71574119999997, 50.12035130000004], [-91.72464399999996, 50.1248746], [-91.74767019999996, 50.14697160000003], [-91.8059591, 50.158459900000025], [-91.8131846, 50.18001400000003], [-91.83105339999997, 50.183433000000036], [-91.8586608, 50.182099900000026], [-91.88872809999998, 50.18515260000004], [-91.92917249999999, 50.175449000000015], [-91.9437307, 50.17612210000004], [-91.95676939999998, 50.1722565], [-91.98229519999995, 50.17221220000005], [-91.9994059, 50.16870570000003], [-92.03364979999998, 50.15162300000003], [-92.04797919999999, 50.14976310000003], [-92.05881069999998, 50.157532600000025], [-92.06074489999997, 50.16201610000002], [-92.05767839999999, 50.168957300000045], [-92.06730869999996, 50.16851970000005], [-92.0770958, 50.174161500000025], [-92.07996299999996, 50.18124620000003], [-92.07734219999998, 50.18827640000001], [-92.0885993, 50.200687200000004], [-92.08622249999996, 50.206659100000024], [-92.10376679999996, 50.20787340000004], [-92.11536259999997, 50.20321280000002], [-92.13726299999996, 50.20498310000005], [-92.1617144, 50.19880950000004], [-92.1659004, 50.19077680000004], [-92.18041219999998, 50.18748000000005], [-92.1878332, 50.179964600000005], [-92.2081619, 50.18116520000001], [-92.21771749999999, 50.178767900000025], [-92.22697069999998, 50.166213400000004], [-92.25541379999999, 50.1505348], [-92.25850479999997, 50.14347520000001], [-92.28070859999997, 50.1397058], [-92.29542699999996, 50.149317499999995], [-92.29651089999999, 50.15644750000001], [-92.27459329999999, 50.17072660000002], [-92.27515009999996, 50.17854920000002], [-92.27244129999997, 50.181863100000044], [-92.25296659999998, 50.19510650000001], [-92.2495983, 50.20365990000005], [-92.25398709999996, 50.20974660000002], [-92.3017989, 50.20597140000001], [-92.3144188, 50.202074900000014], [-92.32471089999996, 50.2031374], [-92.3358867, 50.20744140000005], [-92.3431253, 50.21500090000001], [-92.3440334, 50.222273099999995], [-92.3348188, 50.235520699999995], [-92.3385366, 50.24108810000001], [-92.33744339999998, 50.24603190000005], [-92.351542, 50.25456870000005], [-92.37411319999995, 50.24810050000002], [-92.3863442, 50.24867330000001], [-92.39447989999996, 50.2525205], [-92.39703779999996, 50.25727390000003], [-92.42259079999997, 50.25760390000005], [-92.4331292, 50.264284599999996], [-92.46238029999995, 50.27316830000001], [-92.46635499999996, 50.27110920000001], [-92.46832719999998, 50.26400090000004], [-92.47943609999999, 50.256348], [-92.51519989999997, 50.25643430000002], [-92.53262259999997, 50.2486323], [-92.55915929999998, 50.242101400000024], [-92.56155429999995, 50.2399934], [-92.55494579999998, 50.234765400000015], [-92.55492879999997, 50.22951520000004], [-92.5655878, 50.22193150000004], [-92.60992949999996, 50.21042080000001], [-92.6228534, 50.21340230000004], [-92.621399, 50.204043400000046], [-92.6109525, 50.19252190000003], [-92.60965439999995, 50.16713280000005], [-92.61909499999996, 50.15548460000002], [-92.6381409, 50.15218220000003], [-92.6481344, 50.1599281], [-92.64512229999997, 50.17112900000001], [-92.65340019999996, 50.18098050000003], [-92.64809459999998, 50.18924180000005], [-92.658953, 50.195211900000004], [-92.66509019999995, 50.2122713], [-92.67377069999998, 50.21848040000003], [-92.70543129999999, 50.220301500000005], [-92.72596819999995, 50.21299720000002], [-92.7485714, 50.21232610000004], [-92.7659744, 50.20675600000004], [-92.7818062, 50.21116470000004], [-92.7837389, 50.217722400000014], [-92.77954269999998, 50.22492420000003], [-92.77001199999995, 50.232305], [-92.7595589, 50.234858900000006], [-92.78295079999998, 50.24314900000002], [-92.78410599999995, 50.25075990000005], [-92.77675999999997, 50.2576507], [-92.79803519999996, 50.25392550000004], [-92.81345669999996, 50.259071300000016], [-92.8229627, 50.27066980000001], [-92.81891859999996, 50.28511520000001], [-92.83036009999995, 50.292113900000004], [-92.85319829999997, 50.29166610000004], [-92.85942639999996, 50.29553820000001], [-92.8625548, 50.3038176], [-92.88467449999996, 50.31136810000004], [-92.8862623, 50.31716780000005], [-92.88230769999996, 50.32728080000004], [-92.88684649999999, 50.33294090000004], [-92.88602759999998, 50.33702800000003], [-92.89615789999999, 50.329532400000005], [-92.91157559999999, 50.3250635], [-92.90928919999999, 50.30710810000005], [-92.91622109999997, 50.298891500000025], [-92.93391249999996, 50.296807200000046], [-92.94383689999995, 50.30159910000003], [-92.95140899999996, 50.295699300000024], [-92.95833799999997, 50.29457020000001], [-92.9725449, 50.3002353], [-92.97284399999995, 50.31204390000005], [-92.95766529999997, 50.35081820000005], [-92.9687763, 50.34396330000004], [-92.98336539999997, 50.34513810000004], [-92.98887349999995, 50.354336500000045], [-92.9990267, 50.35877820000002], [-93.00016239999997, 50.36563990000002], [-92.9847155, 50.37528530000003], [-92.94929499999995, 50.38183150000003], [-92.94667479999998, 50.389182000000005], [-92.93778789999999, 50.3984418], [-92.93995659999996, 50.399696500000005], [-92.94744879999996, 50.4018777], [-92.96427469999998, 50.39342530000005], [-92.97747039999996, 50.396224399999994], [-92.98175479999998, 50.3891888], [-92.9918993, 50.38647380000003], [-93.00491569999997, 50.38895680000002], [-93.01265889999996, 50.396450500000014], [-93.03658139999999, 50.39721080000004], [-93.05501479999998, 50.38935330000004], [-93.06979139999999, 50.38914730000005], [-93.08416629999999, 50.39854610000003], [-93.08530139999999, 50.405604600000004], [-93.0708616, 50.42300510000001], [-93.02833369999996, 50.42856070000005], [-93.04207249999996, 50.42873800000001], [-93.05516029999995, 50.43683980000003], [-93.06738379999996, 50.43139430000002], [-93.0829827, 50.43357260000005], [-93.09711349999998, 50.445432100000005], [-93.1171817, 50.45132470000004], [-93.1204904, 50.45812740000002], [-93.11800119999998, 50.46319700000004], [-93.1286283, 50.47094000000004], [-93.13168239999999, 50.47818670000004], [-93.12305089999995, 50.48609220000003], [-93.10923359999998, 50.48596230000004], [-93.09356639999999, 50.49163800000002], [-93.0797485, 50.488546799999995], [-93.07358549999998, 50.49281020000001], [-93.07347579999998, 50.50201380000004], [-93.06374689999996, 50.509367499999996], [-93.06430899999998, 50.51987660000003], [-93.07200019999999, 50.52842400000003], [-93.06933089999995, 50.53916400000003], [-93.08357489999997, 50.5477755], [-93.09127609999996, 50.55760280000004], [-93.10523079999996, 50.55655790000003], [-93.11996429999999, 50.56130520000005], [-93.12710829999997, 50.55700580000001], [-93.13747939999996, 50.556427299999996], [-93.15084739999998, 50.566266299999995], [-93.17928869999997, 50.57498080000005], [-93.18992629999997, 50.58917740000004], [-93.18349619999998, 50.60413300000005], [-93.1857028, 50.608639100000005], [-93.20396299999999, 50.62842930000005], [-93.2211795, 50.63159230000002], [-93.2192973, 50.637324500000034], [-93.22186009999996, 50.64101580000005], [-93.21212079999998, 50.645233700000006], [-93.21774309999995, 50.651840400000026], [-93.21213819999997, 50.65426080000003], [-93.21343379999996, 50.66233420000003], [-93.20756319999998, 50.66579810000002], [-93.21469709999997, 50.700444300000015], [-93.21087689999996, 50.71690840000002], [-93.15827479999996, 50.752729500000044], [-93.15399609999997, 50.77077490000005], [-93.14561039999995, 50.778465600000004], [-93.14660979999996, 50.79868920000001], [-93.16987209999996, 50.81967380000003], [-93.16659629999998, 50.824660600000016], [-93.15243089999996, 50.83023750000001], [-93.14379539999999, 50.838728600000024], [-93.14065539999996, 50.85246440000003], [-93.16637169999996, 50.92292310000005], [-93.18125279999998, 50.94383810000005], [-93.2013642, 50.949397300000044], [-93.2115569, 50.971770900000024], [-93.19091349999997, 50.97660400000001], [-93.18748499999998, 50.97377930000005], [-93.04469599999999, 51.02297870000001], [-93.0486512, 51.02812060000002], [-93.0475366, 51.039487199999996], [-93.04984859999996, 51.04070010000004], [-93.0499494, 51.04149140000004], [-93.02105459999996, 51.0432457], [-93.01308119999999, 51.05245690000004], [-93.00631729999998, 51.05532450000004], [-93.00694899999996, 51.05809210000001], [-92.99884409999999, 51.06372150000004], [-92.9899648, 51.0770478], [-92.96539159999998, 51.08533410000001], [-92.95796469999999, 51.10402680000004], [-92.94970039999998, 51.112017700000024], [-92.95187499999997, 51.12262050000004], [-92.9687859, 51.1545309], [-92.9900025, 51.16716880000001], [-93.0018172, 51.187806300000034], [-93.00135949999998, 51.1933995], [-92.98866519999996, 51.19615060000001], [-92.9558472, 51.19597970000001], [-92.92892859999995, 51.20417650000002], [-92.89907969999996, 51.225573999999995], [-92.90785419999997, 51.244374600000015], [-92.90139539999996, 51.25389990000002], [-92.90187599999996, 51.26079390000001], [-92.8855658, 51.26644970000001], [-92.87701149999998, 51.27662580000003], [-92.84845909999996, 51.27688230000001], [-92.83837469999997, 51.282565300000044], [-92.83864399999999, 51.29013260000005], [-92.83189229999999, 51.29671430000002], [-92.83307579999996, 51.30704000000003], [-92.79119559999998, 51.452440000000024]]]}}, {"id": "2", "type": "Feature", "properties": {"RANGE_NAME": "Kesagami", "RANGE_TYPE": "Continuous", "color": "#3cb44b"}, "geometry": {"type": "Polygon", "coordinates": [[[-82.20947339999998, 49.47738050000004], [-82.28401599999995, 49.59943270000002], [-82.26974309999997, 49.611531900000045], [-82.26736149999999, 49.61783180000003], [-82.25647029999999, 49.61993180000002], [-82.25201659999999, 49.624933200000044], [-82.25345819999995, 49.6414279], [-82.24296339999995, 49.664325399999996], [-82.23459329999997, 49.66581820000005], [-82.21536499999996, 49.68242950000001], [-82.19757089999996, 49.69076230000002], [-82.19351979999999, 49.70246320000001], [-82.18397149999998, 49.711270400000046], [-82.18646589999997, 49.724589500000036], [-82.1424141, 49.761882300000025], [-82.12831109999996, 49.762547299999994], [-82.1142873, 49.770713], [-82.11206319999997, 49.776283000000035], [-82.08658179999998, 49.787044700000024], [-82.08535569999998, 49.79441330000003], [-82.07761639999995, 49.79550610000001], [-82.05462139999997, 49.8091541], [-82.04901659999996, 49.81779400000005], [-82.05246149999999, 49.83094410000001], [-82.04491669999999, 49.83526440000003], [-82.04564979999998, 49.85255390000003], [-82.03490139999997, 49.85242290000002], [-82.03168589999996, 49.85673010000005], [-82.04738099999997, 49.87683810000004], [-82.0850878, 49.89385580000004], [-82.09760189999997, 49.89685050000003], [-82.10755419999998, 49.88774600000005], [-82.15309889999997, 49.89237920000005], [-82.15375039999998, 49.90793630000002], [-82.14954499999999, 49.9127287], [-82.1582148, 49.92460090000003], [-82.15468089999996, 49.93626690000002], [-82.15915619999998, 49.95325890000004], [-82.15161419999998, 49.96758590000002], [-82.1670039, 49.98332190000002], [-82.16847419999999, 49.99149780000005], [-82.16462209999997, 50.009913400000016], [-82.18072899999999, 50.01826780000005], [-82.1712268, 50.02108320000002], [-82.17030369999998, 50.029326500000025], [-82.15055389999998, 50.03565640000005], [-82.15617349999997, 50.05468190000005], [-82.15416949999997, 50.06087180000003], [-82.16216499999996, 50.06632050000002], [-82.17026949999996, 50.08099920000001], [-82.17801329999998, 50.08312010000003], [-82.18007409999996, 50.08873440000002], [-82.18676149999999, 50.091277700000035], [-82.18942039999996, 50.09821260000001], [-82.20452079999995, 50.10543210000003], [-82.20757649999996, 50.11405290000005], [-82.21517489999997, 50.11971190000003], [-82.20894439999995, 50.12338360000001], [-82.21269359999997, 50.14109910000002], [-82.20774929999999, 50.144829300000026], [-82.21719339999999, 50.16344760000004], [-82.19938349999995, 50.180236000000036], [-82.19944999999996, 50.18568570000002], [-82.19149139999996, 50.195741999999996], [-82.18714369999998, 50.20912480000004], [-82.15211289999996, 50.226854], [-82.13518689999995, 50.24972160000004], [-82.12388909999999, 50.251243500000044], [-82.0984406, 50.2456138], [-82.08014299999996, 50.2489693], [-82.06399779999998, 50.25776130000003], [-82.03891119999997, 50.286660900000015], [-82.02267389999997, 50.29536710000002], [-82.01036859999999, 50.312967800000024], [-81.98791319999998, 50.32801870000003], [-81.96432669999996, 50.336491000000024], [-81.90957529999997, 50.3693816], [-81.85560669999995, 50.38494030000004], [-81.82912089999996, 50.39888110000004], [-81.8093629, 50.40415720000004], [-81.79400749999996, 50.403107000000034], [-81.78661889999995, 50.4056458], [-81.7731526, 50.4144139], [-81.7562001, 50.44779220000004], [-81.73332589999995, 50.46015040000003], [-81.72520459999998, 50.4779211], [-81.68925609999997, 50.48862180000003], [-81.6816705, 50.49830750000001], [-81.68124509999996, 50.50696170000003], [-81.67514779999999, 50.51451580000003], [-81.63840349999998, 50.53530920000003], [-81.59898319999996, 50.552444200000025], [-81.56906129999999, 50.554057700000044], [-81.55956929999996, 50.55773670000002], [-81.5530996, 50.575107], [-81.55688499999997, 50.58482500000002], [-81.55296749999997, 50.60030130000001], [-81.55805729999997, 50.61743280000002], [-81.5548905, 50.6399869], [-81.54596169999996, 50.65343960000001], [-81.53597579999996, 50.68868330000004], [-81.50275899999997, 50.719901300000004], [-81.48512039999997, 50.730298600000026], [-81.45829909999998, 50.7390547], [-81.44976379999997, 50.749780000000044], [-81.43443349999995, 50.76101120000004], [-81.40932329999998, 50.77149330000003], [-81.40577239999999, 50.77901890000004], [-81.37797499999999, 50.7797286], [-81.35991479999996, 50.787575900000036], [-81.33120699999995, 50.7941065], [-81.31098649999996, 50.80754280000002], [-81.3001271, 50.820595200000014], [-81.25066609999999, 50.84221960000002], [-81.21809229999997, 50.868370200000015], [-81.20167039999995, 50.8755726], [-81.19689979999998, 50.88161200000002], [-81.1992315, 50.88585980000005], [-81.19718639999996, 50.890187500000025], [-81.17784419999998, 50.896991300000025], [-81.16300129999996, 50.908199000000025], [-81.1401818, 50.91712580000001], [-81.12765669999999, 50.92674240000002], [-81.1157202, 50.942469500000016], [-81.11277199999995, 50.9521398], [-81.0978149, 50.96138880000001], [-81.09025759999997, 50.97626930000001], [-81.0751282, 50.995189400000015], [-81.066012, 50.99899340000002], [-81.06823219999995, 51.00319330000002], [-81.06172779999997, 51.00917240000001], [-81.05081139999999, 51.01317370000004], [-81.04386629999999, 51.01201180000004], [-81.0097753, 51.02859330000001], [-80.9930182, 51.04323840000001], [-80.94234439999997, 51.05042690000005], [-80.87628409999996, 51.09941790000005], [-80.86730699999998, 51.11858130000002], [-80.8576124, 51.12165810000005], [-80.83788979999997, 51.1369631], [-80.81695729999996, 51.14795290000001], [-80.80295319999999, 51.149429], [-80.7981686, 51.1539027], [-80.78052589999999, 51.15912370000001], [-80.77329119999996, 51.15865820000005], [-80.76575729999996, 51.153265300000044], [-80.75959109999997, 51.157345899999996], [-80.74793109999996, 51.15678270000001], [-80.74529609999996, 51.1608114], [-80.7248022, 51.158603400000004], [-80.7135869, 51.16565510000004], [-80.70278379999996, 51.16140340000004], [-80.68545359999996, 51.16450740000005], [-80.6606337, 51.1890889], [-80.66451369999999, 51.19409280000002], [-80.6532446, 51.208994399999995], [-80.64355439999997, 51.209323299999994], [-80.63398519999998, 51.218051], [-80.60969159999996, 51.22132200000004], [-80.60538549999995, 51.2244273], [-80.59465519999998, 51.23950580000002], [-80.60478179999996, 51.252222200000006], [-80.60117169999995, 51.254871500000036], [-80.59481369999997, 51.258090400000015], [-80.58742319999999, 51.25606370000003], [-80.55034029999996, 51.28253790000002], [-80.53897789999996, 51.2837265], [-80.51959639999995, 51.29236470000001], [-80.45793039999995, 51.310923], [-80.4339496, 51.335128], [-80.41904069999998, 51.345090400000004], [-80.39654689999998, 51.32932720000002], [-80.38534249999998, 51.33864270000004], [-80.3656365, 51.335735], [-80.36533749999995, 51.33319610000001], [-80.35901279999996, 51.333496800000034], [-80.34486779999997, 51.3266989], [-80.31697219999995, 51.32293960000004], [-80.3194451, 51.31808960000001], [-80.31530629999997, 51.315496800000005], [-80.30457419999999, 51.31752800000004], [-80.3017317, 51.31385930000005], [-80.29000639999998, 51.31252070000005], [-80.29254989999998, 51.30709490000004], [-80.27715329999995, 51.31106060000002], [-80.24258809999998, 51.301096099999995], [-80.23756879999996, 51.302587700000004], [-80.20960829999996, 51.296289400000035], [-80.13286719999996, 51.28931690000002], [-80.11296429999999, 51.29070380000002], [-80.09662319999995, 51.27855060000002], [-80.09852329999995, 51.277344200000016], [-80.08116669999998, 51.27369160000001], [-80.0545563, 51.258014], [-80.01961399999999, 51.254548], [-79.99964299999999, 51.24526610000004], [-79.99705259999996, 51.24702830000001], [-79.99954839999998, 51.24935260000001], [-79.99462199999999, 51.2489544], [-79.97808899999995, 51.23877850000002], [-79.93768059999996, 51.20140180000004], [-79.8845258, 51.17120590000002], [-79.85439839999998, 51.16470220000002], [-79.80656489999996, 51.159217400000045], [-79.79104209999997, 51.16020530000003], [-79.78403459999998, 51.1524263], [-79.77256539999996, 51.156420000000026], [-79.78351239999995, 51.16447790000001], [-79.7912384, 51.175612200000046], [-79.7927095, 51.18375470000001], [-79.78555919999997, 51.187918800000034], [-79.7730886, 51.1795252], [-79.78347119999995, 51.18901630000005], [-79.78982489999999, 51.18901070000004], [-79.78746239999998, 51.19142780000004], [-79.79412789999998, 51.203322600000035], [-79.79342059999999, 51.2106938], [-79.786991, 51.20817040000003], [-79.78730969999998, 51.2021479], [-79.78309459999997, 51.19679240000005], [-79.77747339999996, 51.1982716], [-79.76630839999996, 51.18979760000002], [-79.7703909, 51.19552550000003], [-79.77707519999996, 51.19872360000005], [-79.78409719999996, 51.1997159], [-79.78584969999997, 51.20770650000003], [-79.7832876, 51.208722300000034], [-79.78919239999999, 51.214280599999995], [-79.78930869999999, 51.21887760000004], [-79.7828217, 51.21592560000005], [-79.77934299999998, 51.23443850000001], [-79.77611559999997, 51.23486750000001], [-79.77603549999998, 51.21072600000002], [-79.76474589999998, 51.20397700000001], [-79.76432739999996, 51.190808600000025], [-79.75579819999996, 51.19907810000001], [-79.75741869999996, 51.2111352], [-79.7557574, 51.216588700000045], [-79.75541439999995, 51.20746970000005], [-79.75351179999996, 51.21587090000003], [-79.75411439999999, 51.242567199999996], [-79.75834749999996, 51.24746090000002], [-79.76772189999997, 51.24861800000002], [-79.77042559999995, 51.25378030000002], [-79.75750899999997, 51.254272800000024], [-79.75669209999995, 51.257477900000026], [-79.75079599999998, 51.25948440000002], [-79.71469959999996, 51.250367400000016], [-79.69543699999997, 51.25], [-79.67332049999999, 51.25302750000003], [-79.6724352, 51.25589580000002], [-79.69356649999997, 51.26688740000003], [-79.6947065, 51.275265500000046], [-79.69100759999998, 51.27551730000005], [-79.69334419999996, 51.27996430000002], [-79.68990169999995, 51.28549090000001], [-79.69188649999995, 51.29581910000002], [-79.69523829999997, 51.294291000000044], [-79.69370069999997, 51.298562000000004], [-79.69745979999999, 51.29660190000004], [-79.69605389999998, 51.299129300000004], [-79.70192659999998, 51.298539300000016], [-79.70946129999999, 51.30275830000005], [-79.74545849999998, 51.329193599999996], [-79.73779989999997, 51.33335770000002], [-79.74091269999997, 51.3454529], [-79.73708669999996, 51.3455199], [-79.7406469, 51.35208460000001], [-79.73081939999997, 51.3507654], [-79.73320479999995, 51.353165500000046], [-79.72527739999998, 51.356476799999996], [-79.73227379999997, 51.371333900000025], [-79.72164829999997, 51.3737562], [-79.721135, 51.376935], [-79.711748, 51.38273880000003], [-79.7102716, 51.36305110000001], [-79.71312619999998, 51.36105300000003], [-79.71539409999997, 51.363295600000015], [-79.7134029, 51.35764210000002], [-79.7170726, 51.35576910000003], [-79.7122455, 51.346432600000014], [-79.70898299999999, 51.34772380000004], [-79.7068337, 51.35827660000001], [-79.69958739999998, 51.360029499999996], [-79.67670749999996, 51.338394900000026], [-79.67486399999996, 51.35350360000001], [-79.6889028, 51.37940950000001], [-79.68455699999998, 51.3910176], [-79.6864756, 51.39928480000003], [-79.68110239999999, 51.402744600000005], [-79.68354059999996, 51.40459420000002], [-79.67704809999998, 51.4053146], [-79.68123709999998, 51.408217500000035], [-79.66594579999997, 51.40431760000001], [-79.66485979999999, 51.4077638], [-79.64083059999996, 51.40581160000005], [-79.6363508, 51.41210610000002], [-79.6378881, 51.41476140000003], [-79.6313111, 51.41985520000003], [-79.62141689999999, 51.421122300000036], [-79.61465709999999, 51.41550390000003], [-79.61468149999996, 51.42327750000004], [-79.60889229999998, 51.423374300000035], [-79.61133709999996, 51.4255819], [-79.6057467, 51.43879390000001], [-79.59799239999995, 51.439054200000044], [-79.59515969999995, 51.44455720000002], [-79.5881149, 51.44147050000004], [-79.58760969999997, 51.4451287], [-79.57922389999999, 51.45053040000005], [-79.58015439999997, 51.461173599999995], [-79.57679989999997, 51.460505900000044], [-79.5742957, 51.46471490000005], [-79.57909419999999, 51.46453150000002], [-79.5791203, 51.47356880000001], [-79.56795949999997, 51.46704260000001], [-79.56265589999998, 51.46981930000004], [-79.5447064, 51.46751850000004], [-79.53626249999996, 51.462903400000016], [-79.51642399999997, 51.46024080000001], [-79.51743969999995, 48.59393560000001], [-79.52949239999998, 48.5926589], [-79.54275919999998, 48.598427800000024], [-79.54284419999999, 48.5885227], [-79.55455609999996, 48.58336830000002], [-79.57421439999996, 48.58827940000003], [-79.59991589999998, 48.58991990000004], [-79.63426379999999, 48.611140300000045], [-79.65822559999998, 48.61613670000003], [-79.66553519999997, 48.620856600000025], [-79.68072469999998, 48.616910700000005], [-79.69262579999997, 48.619653200000016], [-79.71184669999997, 48.61441060000004], [-79.73421489999998, 48.621605000000045], [-79.74641169999995, 48.61073670000002], [-79.77797709999999, 48.607988800000044], [-79.7999754, 48.610387900000035], [-79.82429989999997, 48.59915030000002], [-79.83520749999997, 48.60187490000004], [-79.84057759999996, 48.608459700000026], [-79.85821319999997, 48.608901100000026], [-79.866309, 48.61273070000004], [-79.90913709999995, 48.60956170000003], [-79.93562609999998, 48.62115], [-79.9472379, 48.638471400000014], [-79.95466479999999, 48.644114100000024], [-79.95410509999999, 48.65290520000002], [-79.94035329999997, 48.660949000000016], [-79.94406239999995, 48.668821800000046], [-79.97133489999999, 48.665402400000005], [-79.98726529999999, 48.66912670000005], [-80.00088299999999, 48.67945050000003], [-80.00735879999996, 48.70437820000001], [-80.033908, 48.706945399999995], [-80.05164489999999, 48.71544660000001], [-80.05649749999998, 48.72566040000004], [-80.05502559999996, 48.7382217], [-80.08088729999997, 48.73313490000004], [-80.09409959999999, 48.73667610000001], [-80.09956139999997, 48.7414991], [-80.12381899999997, 48.743981700000006], [-80.13380599999999, 48.74817330000002], [-80.15413099999995, 48.76718460000001], [-80.1753056, 48.76354310000005], [-80.18122169999998, 48.760116400000015], [-80.1752917, 48.75904230000003], [-80.19312819999999, 48.7547601], [-80.21959929999997, 48.758245000000045], [-80.22228969999998, 48.754436], [-80.24404959999998, 48.75769220000001], [-80.24783589999998, 48.7621949], [-80.25887169999999, 48.75756140000004], [-80.25288, 48.756974000000014], [-80.24770589999997, 48.7546347], [-80.25945489999998, 48.75676450000003], [-80.25269779999996, 48.75229040000005], [-80.25435339999996, 48.7511945], [-80.26134209999998, 48.757037500000024], [-80.26733839999997, 48.75731870000004], [-80.26721469999995, 48.754592100000025], [-80.27837169999998, 48.75836890000005], [-80.28801419999996, 48.75386780000002], [-80.27623169999998, 48.75104160000001], [-80.2807257, 48.74882070000001], [-80.3012008, 48.757574000000034], [-80.30451139999997, 48.76515970000003], [-80.31140169999998, 48.7658308], [-80.31728169999997, 48.761727500000006], [-80.32526739999997, 48.7618645], [-80.32313319999997, 48.76069150000001], [-80.32849449999998, 48.75864480000001], [-80.3260282, 48.756867200000045], [-80.32910909999998, 48.75540080000002], [-80.32513739999996, 48.75429810000003], [-80.33430199999998, 48.75367670000003], [-80.32252919999996, 48.74994670000001], [-80.32690339999999, 48.74717340000001], [-80.33553309999996, 48.7518834], [-80.33992749999999, 48.7519446], [-80.3398664, 48.74933540000001], [-80.34293209999998, 48.75308630000001], [-80.3475484, 48.75170910000003], [-80.35780999999997, 48.75595990000005], [-80.35989339999998, 48.75796860000003], [-80.35715389999996, 48.759401800000035], [-80.35958119999998, 48.76112450000005], [-80.35728449999999, 48.766230500000006], [-80.37286999999998, 48.77140800000001], [-80.37855209999998, 48.77859060000003], [-80.37869709999995, 48.77565870000001], [-80.3813002, 48.77871330000005], [-80.38575219999996, 48.776407199999994], [-80.383623, 48.773544000000015], [-80.3833818, 48.7721214], [-80.38424749999996, 48.771612800000014], [-80.38652449999995, 48.775583600000004], [-80.39290079999995, 48.7773176], [-80.40067589999995, 48.77478540000004], [-80.40013749999997, 48.770851300000004], [-80.40213799999998, 48.77315570000002], [-80.40865769999999, 48.77081430000004], [-80.40770859999998, 48.76819160000002], [-80.4120049, 48.768555400000025], [-80.40962149999996, 48.7721866], [-80.423498, 48.77270660000005], [-80.42836069999998, 48.77596940000001], [-80.43044859999998, 48.771877500000016], [-80.43462449999998, 48.7733015], [-80.43201209999995, 48.77564560000002], [-80.44157109999998, 48.7789669], [-80.4497318, 48.775821500000006], [-80.45340319999997, 48.781173600000045], [-80.4619171, 48.776787600000034], [-80.46810109999996, 48.77765290000002], [-80.46752469999996, 48.77424080000003], [-80.46998479999996, 48.775862399999994], [-80.47205639999999, 48.77300220000001], [-80.48303239999996, 48.7777208], [-80.49236099999996, 48.77861690000003], [-80.49330099999997, 48.77583230000005], [-80.4945821, 48.775667], [-80.49361809999999, 48.77948610000004], [-80.50222549999995, 48.78178150000002], [-80.50275529999999, 48.77913900000004], [-80.50861549999996, 48.779811800000004], [-80.50377779999997, 48.78173430000004], [-80.5050804, 48.786318900000026], [-80.51188989999997, 48.784656600000005], [-80.51779819999996, 48.790340000000015], [-80.52115649999996, 48.78509130000003], [-80.51748979999996, 48.77848190000003], [-80.52240409999996, 48.784169899999995], [-80.52784409999998, 48.78038700000002], [-80.53511369999995, 48.77884220000004], [-80.53057199999995, 48.78271910000001], [-80.53599629999997, 48.78351470000001], [-80.54780149999999, 48.78019710000001], [-80.54140289999998, 48.77281310000001], [-80.54669909999996, 48.77430940000005], [-80.54602889999995, 48.7776983], [-80.5518654, 48.781076600000006], [-80.56383469999997, 48.777587100000005], [-80.55990589999999, 48.77545810000004], [-80.56911769999999, 48.77419740000005], [-80.56758869999999, 48.771564900000044], [-80.5708482, 48.77237770000005], [-80.57300579999998, 48.76831950000002], [-80.56746649999997, 48.76677850000004], [-80.57423599999998, 48.76606600000002], [-80.568421, 48.76179830000001], [-80.57204339999998, 48.75985960000003], [-80.56715509999998, 48.7586809], [-80.5730342, 48.758540900000014], [-80.57261539999996, 48.756488200000035], [-80.56270539999997, 48.75548850000001], [-80.57587259999997, 48.752407000000005], [-80.57640229999998, 48.749278300000014], [-80.56983439999999, 48.750540400000034], [-80.57187389999996, 48.7490727], [-80.5676527, 48.74636710000004], [-80.5726252, 48.748715600000025], [-80.58071479999995, 48.7459925], [-80.58040779999999, 48.730545000000006], [-80.59657399999998, 48.72067990000005], [-80.59825239999998, 48.71820280000003], [-80.59360449999997, 48.71798860000001], [-80.60110739999999, 48.71649450000001], [-80.60539999999997, 48.709960000000024], [-80.6293493, 48.70654000000002], [-80.63761369999997, 48.69702130000002], [-80.6449293, 48.69642330000005], [-80.6470028, 48.699182500000006], [-80.65293629999996, 48.698013100000026], [-80.65056909999998, 48.702306100000044], [-80.65370539999998, 48.70279240000002], [-80.65721689999998, 48.710080800000014], [-80.65906339999998, 48.70838600000002], [-80.65826169999997, 48.716390200000035], [-80.66281679999997, 48.71628220000002], [-80.65852869999998, 48.71711970000001], [-80.65543859999997, 48.7256749], [-80.6649865, 48.73146060000005], [-80.66185679999995, 48.73175740000005], [-80.66542729999998, 48.73471850000004], [-80.66633579999996, 48.743366500000036], [-80.66881259999997, 48.74318470000003], [-80.66919899999999, 48.75065260000002], [-80.6753046, 48.75529390000003], [-80.66493209999999, 48.772428700000034], [-80.70374549999997, 48.783171400000015], [-80.72755289999998, 48.77896880000003], [-80.74049179999997, 48.79718660000003], [-80.81164959999995, 48.797905600000036], [-80.94316279999998, 48.798018400000046], [-80.94335569999998, 48.711323400000026], [-81.2036761, 48.71129130000003], [-81.20444979999996, 48.79837180000004], [-81.48569879999997, 48.7982518], [-81.49851009999998, 48.787617100000034], [-81.5036341, 48.76793950000001], [-81.49837049999996, 48.76054960000005], [-81.50434339999998, 48.75556670000003], [-81.507635, 48.742211], [-81.51828499999999, 48.73133330000002], [-81.51254019999999, 48.71815710000004], [-81.51328999999998, 48.71229830000004], [-81.52945439999996, 48.698716200000035], [-81.5407328, 48.68301260000004], [-81.53625189999997, 48.66377110000002], [-81.63586379999998, 48.66225560000004], [-81.64499769999998, 48.66578980000003], [-81.64737739999998, 48.678231900000014], [-81.66046939999995, 48.6816503], [-81.66107449999998, 48.685462400000006], [-81.65465159999997, 48.687981000000036], [-81.66166269999997, 48.69327240000001], [-81.6724557, 48.69573780000002], [-81.67819179999998, 48.6937734], [-81.683765, 48.6900632], [-81.68466229999996, 48.683291499999996], [-81.69392599999998, 48.68115790000002], [-81.69585859999995, 48.687335700000006], [-81.70146289999997, 48.6868159], [-81.70686359999996, 48.69701170000002], [-81.70831379999998, 48.70546830000001], [-81.70469559999998, 48.712102800000025], [-81.72307859999995, 48.716181199999994], [-81.73112149999997, 48.70735000000002], [-81.7517039, 48.7066418], [-81.75344419999999, 48.70302290000001], [-81.76521179999997, 48.69745750000004], [-81.7783225, 48.70163400000001], [-81.7776629, 48.708232699999996], [-81.78156589999998, 48.71186780000005], [-81.7921662, 48.69953340000001], [-81.79387379999997, 48.7026884], [-81.80123789999999, 48.701674800000035], [-81.8008039, 48.705167200000005], [-81.80851899999999, 48.7073906], [-81.82339289999999, 48.6925761], [-81.8362684, 48.68971250000004], [-81.8380952, 48.68023500000004], [-81.86986289999999, 48.675015599999995], [-81.91459019999996, 48.67552930000005], [-81.94000299999999, 48.667321800000025], [-81.94676479999998, 48.661004700000035], [-81.9494168, 48.652913100000035], [-81.95426839999999, 48.65135710000004], [-81.96306119999997, 48.63787480000002], [-81.97615569999999, 48.62708570000001], [-81.9760306, 48.61918790000004], [-81.9792741, 48.61564420000002], [-81.98566929999998, 48.6158595], [-82.01883949999996, 48.63946720000001], [-82.0057635, 48.65552960000002], [-81.98433319999998, 48.656867300000044], [-81.97719259999997, 48.66015330000005], [-81.97022709999999, 48.71663410000002], [-81.9801137, 48.720686400000034], [-81.97831379999997, 48.72672920000002], [-81.98420099999998, 48.73714180000002], [-81.983273, 48.74186370000001], [-82.00480539999995, 48.74460170000003], [-82.00907709999996, 48.74666050000002], [-82.00592989999996, 48.749827700000026], [-82.01992469999999, 48.75248400000004], [-82.07480349999997, 48.69598880000001], [-82.10070449999995, 48.69576230000001], [-82.14550509999998, 48.72473860000002], [-82.1620519, 48.72039620000004], [-82.16326549999997, 48.71362260000001], [-82.15909649999998, 48.7106086], [-82.15991559999998, 48.703504699999996], [-82.17367659999996, 48.698733800000014], [-82.1791427, 48.6928327], [-82.18885279999995, 48.677924399999995], [-82.1864132, 48.674070900000004], [-82.19787789999998, 48.66138030000002], [-82.20322699999997, 48.65018700000002], [-82.22375889999995, 48.636170100000015], [-82.2263165, 48.62119530000001], [-82.2222362, 48.61885910000001], [-82.22269899999998, 48.615566], [-82.24768619999998, 48.595969000000025], [-82.26649609999998, 48.59121140000002], [-82.26995729999999, 48.59291860000002], [-82.27076899999997, 48.59833000000003], [-82.27708509999997, 48.59991550000001], [-82.2882429, 48.5946002], [-82.2972555, 48.6005672], [-82.30971299999999, 48.59973340000005], [-82.31390169999997, 48.60386460000001], [-82.3140325, 48.60951290000003], [-82.3225084, 48.6151332], [-82.32085359999996, 48.61798160000001], [-82.32980709999998, 48.620680900000025], [-82.35069169999997, 48.61615550000005], [-82.35406319999998, 48.60166750000002], [-82.3671468, 48.61304190000004], [-82.36730669999997, 48.66618140000003], [-82.34868209999996, 48.654327600000045], [-82.33191349999998, 48.66108120000001], [-82.31017939999998, 48.65981910000005], [-82.30348979999997, 48.666363500000045], [-82.28799499999997, 48.66536830000001], [-82.2845218, 48.668187000000046], [-82.28726919999997, 48.67208780000004], [-82.2843742, 48.6746751], [-82.2878045, 48.6760223], [-82.2866603, 48.68764060000001], [-82.28944639999997, 48.689795600000025], [-82.28433459999997, 48.68969080000005], [-82.27915209999998, 48.69430970000002], [-82.2800651, 48.702990200000045], [-82.2724892, 48.708175100000005], [-82.27449469999999, 48.711157800000024], [-82.27164869999996, 48.713123499999995], [-82.2768638, 48.717753000000016], [-82.27259759999998, 48.72110190000001], [-82.27548439999998, 48.728806899999995], [-82.2605236, 48.729808200000036], [-82.25983379999997, 48.73540260000004], [-82.2662125, 48.73757280000001], [-82.2644702, 48.75053780000002], [-82.26943599999998, 48.755404200000044], [-82.2625372, 48.757009400000015], [-82.2606386, 48.76215810000002], [-82.26565289999996, 48.76946220000002], [-82.25578099999996, 48.77363660000003], [-82.26009499999998, 48.77796170000005], [-82.2574343, 48.7837035], [-82.25950919999997, 48.787738200000035], [-82.25466929999999, 48.79183930000005], [-82.26245649999998, 48.79342760000003], [-82.25504649999999, 48.80150630000003], [-82.264411, 48.8099775], [-82.26151859999999, 48.81358970000002], [-82.26476649999995, 48.818700000000035], [-82.2607956, 48.82006590000003], [-82.26371329999995, 48.825035900000046], [-82.26198249999999, 48.82827560000004], [-82.2574545, 48.82864890000002], [-82.2554017, 48.83374520000001], [-82.2498804, 48.83420100000001], [-82.24409859999997, 48.85618960000005], [-82.24574789999997, 48.86280220000003], [-82.23308369999995, 48.86984670000004], [-82.23795969999998, 48.88319580000001], [-82.2361391, 48.891123900000025], [-82.24142839999996, 48.89692150000002], [-82.23674719999997, 48.91473970000004], [-82.22820309999997, 48.91921780000001], [-82.22203829999995, 48.928360999999995], [-82.21426859999997, 48.930660500000045], [-82.20669799999996, 48.9407832], [-82.1795414, 48.9587664], [-82.16430059999999, 48.96141080000001], [-82.15507679999996, 48.9682985], [-82.14210639999999, 48.991558999999995], [-82.14013719999997, 49.00118530000003], [-82.15073369999999, 49.019193400000006], [-82.1568724, 49.02227480000005], [-82.15748459999998, 49.02938180000001], [-82.14730759999998, 49.034383200000036], [-82.14029729999999, 49.047715400000016], [-82.13096079999997, 49.0554813], [-82.10659819999995, 49.06711610000002], [-82.10336309999997, 49.078816700000004], [-82.08638049999996, 49.09778440000002], [-82.07173919999997, 49.1019192], [-82.06755239999995, 49.11050170000004], [-82.04858779999995, 49.1236533], [-82.04711149999997, 49.13283560000002], [-82.03091789999996, 49.14188960000001], [-82.03173029999999, 49.150373900000034], [-82.04640089999998, 49.15951490000003], [-82.05442799999997, 49.170329700000025], [-82.05395959999998, 49.17825250000004], [-82.05804409999996, 49.18316420000002], [-82.04287619999997, 49.20382770000003], [-82.04637499999995, 49.22408690000003], [-82.05531889999997, 49.24227240000005], [-82.06606519999997, 49.24590800000004], [-82.07326069999999, 49.25389690000003], [-82.07715689999998, 49.26846790000002], [-82.05929789999999, 49.276136199999996], [-82.06071979999996, 49.2815789], [-82.07033209999997, 49.282566599999996], [-82.07352629999997, 49.285914400000024], [-82.06515009999998, 49.29843600000004], [-82.04599379999996, 49.304938400000026], [-82.03251999999998, 49.32631600000002], [-82.02763479999999, 49.328745500000025], [-82.03194489999998, 49.335876299999995], [-82.0264262, 49.34811450000001], [-82.03146019999997, 49.359463500000004], [-82.01871619999997, 49.3646938], [-82.02051119999999, 49.37698240000003], [-82.01111149999997, 49.386667000000045], [-82.00342809999995, 49.38989780000003], [-82.00293579999999, 49.396599700000024], [-82.00665139999995, 49.396567300000015], [-82.00514559999999, 49.40163560000002], [-81.9982407, 49.4065597], [-81.9886826, 49.4071515], [-81.98751769999996, 49.41319420000002], [-81.99071019999997, 49.41589690000001], [-81.98674489999996, 49.422967400000005], [-81.98874309999997, 49.441775500000006], [-81.98214179999997, 49.44871920000003], [-82.09840909999997, 49.449357899999995], [-82.09841359999996, 49.47831670000005], [-82.20947339999998, 49.47738050000004]]]}}, {"id": "4", "type": "Feature", "properties": {"RANGE_NAME": "Nipigon", "RANGE_TYPE": "Continuous", "color": "#42d4f4"}, "geometry": {"type": "Polygon", "coordinates": [[[-86.37335329999996, 50.707283200000006], [-86.38675359999996, 50.70418860000001], [-86.41898309999999, 50.67879700000003], [-86.42093349999999, 50.66414960000003], [-86.43851159999997, 50.65536430000003], [-86.44632409999997, 50.62997370000005], [-86.44241769999996, 50.599700299999995], [-86.4228865, 50.58113800000001], [-86.41409749999997, 50.57821210000003], [-86.41507409999997, 50.57137620000003], [-86.4238631, 50.56552060000001], [-86.41702719999995, 50.558677000000046], [-86.40140219999995, 50.55770810000001], [-86.39358959999998, 50.55184110000005], [-86.38577729999997, 50.52938400000005], [-86.36331629999995, 50.511809700000015], [-86.33987109999998, 50.51473550000003], [-86.3369414, 50.50496610000005], [-86.3398712, 50.49520430000001], [-86.33401169999996, 50.48836460000001], [-86.3301055, 50.48543490000003], [-86.31448039999998, 50.48543490000003], [-86.2998321, 50.47175920000001], [-86.29104309999997, 50.46981750000003], [-86.26465589999998, 50.454685299999994], [-86.27325059999998, 50.4472207], [-86.30203039999998, 50.43444630000005], [-86.3030056, 50.42652890000005], [-86.326595, 50.409094400000015], [-86.36003439999996, 50.39407720000003], [-86.37280149999998, 50.38216520000003], [-86.39844169999998, 50.36666990000003], [-86.41529399999996, 50.3603344], [-86.43090289999998, 50.348288500000024], [-86.45172969999999, 50.34367590000005], [-86.45328689999997, 50.33657830000004], [-86.4627547, 50.32938250000001], [-86.4963133, 50.31401880000004], [-86.68787519999995, 50.16943150000003], [-86.67949199999998, 50.164570000000026], [-86.6658617, 50.1133203], [-86.67112559999998, 50.10645490000002], [-86.67470049999997, 50.092749200000014], [-86.66895639999996, 50.08233590000003], [-86.66753119999998, 50.06810330000002], [-86.68172239999996, 50.041502700000024], [-86.67909639999999, 50.03319400000004], [-86.66741579999996, 50.018096000000014], [-86.66841399999998, 49.98433460000001], [-86.67518989999996, 49.97479040000002], [-86.67707109999998, 49.95613980000002], [-86.68201449999998, 49.953363300000035], [-86.6871261, 49.95545470000002], [-86.7010775, 49.946044700000016], [-86.6917889, 49.94455530000005], [-86.69333649999999, 49.94073580000003], [-86.71504249999998, 49.93717400000003], [-86.7156162, 49.92957110000003], [-86.71033559999995, 49.92260380000005], [-86.7092323, 49.915034400000025], [-86.7113124, 49.902538900000025], [-86.72307239999998, 49.902908000000025], [-86.73774409999999, 49.89077660000004], [-86.76583869999996, 49.878974200000016], [-86.78922799999998, 49.876455100000044], [-86.81145449999997, 49.842513999999994], [-86.8261263, 49.8314441], [-86.82751879999995, 49.82383630000004], [-86.84561099999996, 49.814884199999995], [-86.87947279999997, 49.81062050000003], [-86.88779999999997, 49.80120450000004], [-86.89771619999999, 49.79778780000004], [-86.9047847, 49.785747800000024], [-86.9627572, 49.7701586], [-86.95668669999998, 49.76483870000004], [-86.94656729999997, 49.76284240000001], [-86.96551679999999, 49.75548040000001], [-86.97031579999998, 49.74997810000002], [-86.965105, 49.7451853], [-87.02187379999998, 49.74259430000001], [-87.02921699999996, 49.73812800000002], [-87.04608889999997, 49.741632100000004], [-87.04753409999995, 49.736185000000035], [-87.0573129, 49.730050300000016], [-87.05956989999999, 49.72404750000004], [-87.05735499999997, 49.71108670000001], [-87.04293089999999, 49.70591770000004], [-87.0492729, 49.697669399999995], [-87.064729, 49.68764520000002], [-87.07815499999998, 49.68903110000002], [-87.08268579999998, 49.68616300000002], [-87.0826538, 49.6672911], [-87.2716322, 49.51026510000003], [-87.29816169999998, 49.50161450000002], [-87.30372949999997, 49.4963899], [-87.36176789999996, 49.50480500000003], [-87.4464059, 49.537121400000046], [-87.43733579999997, 49.55517830000002], [-87.44536019999998, 49.567162499999995], [-87.46527509999999, 49.579957200000024], [-87.47328549999997, 49.58936490000002], [-87.47202329999999, 49.59537750000004], [-87.4919481, 49.6073093], [-87.52502699999997, 49.6131714], [-87.601428, 49.59649380000002], [-87.65848899999997, 49.61663630000004], [-87.74960979999997, 49.61622590000002], [-87.7520136, 49.60076270000002], [-87.7590265, 49.59525400000001], [-87.75962899999996, 49.580974200000014], [-87.77137189999996, 49.57231440000004], [-87.8084045, 49.57721090000001], [-87.83075169999995, 49.5719034], [-87.83976279999996, 49.57386100000002], [-87.85889709999998, 49.554975600000034], [-87.87605889999998, 49.554768000000024], [-87.88289479999997, 49.55183450000004], [-87.888754, 49.55378380000002], [-87.8975433, 49.545002400000044], [-87.92684019999996, 49.5420651], [-87.93562909999997, 49.53522910000004], [-87.95614459999996, 49.53035020000004], [-87.96786329999998, 49.52253380000002], [-87.9922775, 49.519608000000005], [-88.00497279999996, 49.509842400000025], [-88.0129756, 49.50886790000004], [-88.05842909999996, 49.481647699999996], [-88.10208209999996, 49.314485200000036], [-88.34281779999998, 49.28298460000002], [-88.3474243, 49.27223630000003], [-88.3372726, 49.27153720000001], [-88.33776309999996, 49.265696200000036], [-88.35103939999999, 49.2421501], [-88.42036209999998, 49.24205840000002], [-88.42376239999999, 49.24852490000001], [-88.42055209999995, 49.249661900000035], [-88.43812399999996, 49.26657230000001], [-88.44034519999997, 49.26685050000003], [-88.44072039999998, 49.26226700000001], [-88.45432, 49.27369200000004], [-88.45437599999997, 49.26998510000004], [-88.45552089999995, 49.2701146], [-88.45544529999995, 49.27782480000002], [-88.458639, 49.281744900000035], [-88.46777399999996, 49.279398300000025], [-88.47231839999995, 49.28170940000001], [-88.47471129999997, 49.29361080000001], [-88.49738349999996, 49.29788110000004], [-88.50040769999998, 49.31504940000002], [-88.53489669999999, 49.31217660000004], [-88.56299389999998, 49.32961130000001], [-88.60382949999996, 49.33421530000004], [-88.60792419999996, 49.34202060000001], [-88.6281358, 49.35023620000004], [-88.6679661, 49.3532103], [-88.69077899999996, 49.36130430000003], [-88.75093849999996, 49.37095050000005], [-88.75338469999997, 49.3723114], [-88.7529922, 49.379736200000025], [-88.75854099999998, 49.38388520000001], [-88.76991829999997, 49.38567040000004], [-88.78247629999998, 49.3822045], [-88.79287309999995, 49.38844130000001], [-88.7978243, 49.385247400000026], [-88.80221489999997, 49.391957200000036], [-88.8066283, 49.392021], [-88.8124211, 49.398013700000035], [-88.82269169999995, 49.392126399999995], [-88.82805349999995, 49.397913700000004], [-88.8382191, 49.38969000000003], [-88.83772479999999, 49.39587800000004], [-88.84394839999999, 49.40540870000001], [-88.831187, 49.406133400000044], [-88.8275549, 49.413441300000045], [-88.83514699999995, 49.41377540000002], [-88.82734219999998, 49.417366800000025], [-88.83614339999997, 49.42083690000004], [-88.8398441, 49.415706700000044], [-88.84620339999998, 49.425952600000016], [-88.85635349999995, 49.4288014], [-88.85572229999997, 49.42222670000001], [-88.86450159999998, 49.42150520000001], [-88.86378199999996, 49.41712690000003], [-88.87273449999998, 49.41799420000001], [-88.87351699999999, 49.4157146], [-88.87827549999997, 49.4192941], [-88.895693, 49.41615540000004], [-88.9048439, 49.42422720000002], [-88.9304578, 49.434684900000036], [-88.94937569999996, 49.43289850000002], [-88.95629159999999, 49.42751800000002], [-88.97107739999996, 49.429011700000046], [-88.98037589999996, 49.434748400000046], [-88.98273389999997, 49.44133210000001], [-88.9886105, 49.445884300000046], [-88.99503759999999, 49.45583530000005], [-88.99527749999999, 49.4630368], [-89.00260839999999, 49.46491160000005], [-89.00420749999995, 49.470528700000045], [-89.01594649999998, 49.477921500000036], [-89.01972489999997, 49.484062600000016], [-89.03226559999996, 49.48620880000004], [-89.04831789999997, 49.484045400000014], [-89.04883809999995, 49.48927170000002], [-89.06967219999996, 49.50046480000003], [-89.07317129999996, 49.505925500000046], [-89.0876518, 49.5149351], [-89.11608419999999, 49.51953690000005], [-89.13156169999996, 49.540922600000044], [-89.14633129999999, 49.551382000000046], [-89.14584929999995, 49.555844000000036], [-89.17826649999995, 49.5898583], [-89.18227829999995, 49.60285350000004], [-89.18779749999999, 49.6080298], [-89.17780189999996, 49.61608060000003], [-89.17723859999995, 49.63947090000005], [-89.1629011, 49.64788980000003], [-89.165346, 49.65896270000002], [-89.15763019999997, 49.670927000000006], [-89.16046309999996, 49.686058700000046], [-89.15537229999995, 49.702615500000036], [-89.17387679999996, 49.72099830000002], [-89.17528659999999, 49.727394600000025], [-89.1363983, 49.78286510000004], [-89.13909339999998, 49.7860177], [-89.15212069999995, 49.788106200000016], [-89.1714455, 49.80359550000003], [-89.17489769999997, 49.81332680000003], [-89.15598, 49.853395000000035], [-89.15527879999996, 49.8757794], [-89.15818099999996, 49.88155440000003], [-89.15626579999997, 49.9260357], [-89.1525499, 49.94489580000004], [-89.12944349999998, 49.97059900000005], [-89.10982099999995, 49.9792152], [-89.10683539999997, 49.98335330000003], [-89.11498469999998, 49.9983527], [-89.11094479999997, 50.01125330000002], [-89.14795279999998, 50.04390080000002], [-89.148663, 50.05729930000001], [-89.15873749999997, 50.07350130000003], [-89.14315519999997, 50.08857800000004], [-89.14734899999996, 50.115458500000045], [-89.1401616, 50.12336290000002], [-89.11886149999998, 50.135267200000044], [-89.11312929999997, 50.15285780000005], [-89.10528749999997, 50.15886500000005], [-89.10530999999997, 50.16830020000003], [-89.11086999999998, 50.18864460000003], [-89.1079014, 50.19917750000002], [-89.12247979999995, 50.22288500000002], [-89.23710719999997, 50.283891100000005], [-89.23725479999996, 50.43315270000005], [-89.23422519999997, 50.43299490000004], [-89.23693689999999, 50.436153700000034], [-89.22254449999997, 50.43256200000002], [-89.22149589999998, 50.435127600000044], [-89.22584769999997, 50.4363305], [-89.22468859999998, 50.4395457], [-89.21698939999999, 50.436634500000025], [-89.21507199999996, 50.441114500000026], [-89.21924669999999, 50.445451400000024], [-89.21797879999997, 50.4505666], [-89.21472509999995, 50.44635600000004], [-89.21339179999995, 50.448270200000024], [-89.21484279999999, 50.444051100000024], [-89.20951589999999, 50.440365799999995], [-89.20611159999999, 50.443785400000024], [-89.2084317, 50.44733020000001], [-89.20172109999999, 50.445397600000035], [-89.20028439999999, 50.44752060000002], [-89.18972839999998, 50.43581990000001], [-89.18223769999997, 50.4361586], [-89.18667099999999, 50.43731660000003], [-89.18416539999998, 50.44040380000001], [-89.19156939999999, 50.445184600000005], [-89.18270759999996, 50.442086200000006], [-89.18406549999997, 50.44450720000003], [-89.18095929999998, 50.44756060000003], [-89.1714988, 50.44737790000005], [-89.15608879999996, 50.45421280000005], [-89.16093239999998, 50.457235000000026], [-89.15678589999999, 50.45838230000004], [-89.15735239999998, 50.460926099999995], [-89.15978989999996, 50.4627787], [-89.16245859999998, 50.459500200000036], [-89.16547449999996, 50.46321290000003], [-89.1624832, 50.4659039], [-89.16560289999995, 50.46663720000004], [-89.15962909999996, 50.469761500000004], [-89.16359899999998, 50.47275480000002], [-89.1586317, 50.473233900000025], [-89.16106719999999, 50.47471790000003], [-89.15900859999999, 50.47748580000001], [-89.14946949999995, 50.480976999999996], [-89.14722069999999, 50.4805058], [-89.15003469999999, 50.4775937], [-89.14843079999997, 50.47486190000001], [-89.1513769, 50.47549090000001], [-89.14953429999997, 50.47246710000002], [-89.13507729999998, 50.47347980000001], [-89.13821869999998, 50.4778202], [-89.13483349999996, 50.47808050000003], [-89.13286259999995, 50.48595970000002], [-89.13834149999997, 50.48865650000005], [-89.13713109999998, 50.49214170000005], [-89.15294419999998, 50.4932263], [-89.15109099999995, 50.498369300000036], [-89.15749039999997, 50.508828300000005], [-89.1643717, 50.51063450000004], [-89.16329959999996, 50.512795100000005], [-89.16877019999998, 50.51581440000001], [-89.17363879999999, 50.513394000000005], [-89.17351629999996, 50.51656220000001], [-89.1913174, 50.525562500000035], [-89.17226979999998, 50.518600400000025], [-89.1659214, 50.52938620000003], [-89.16495959999997, 50.542275200000006], [-89.1687326, 50.5460635], [-89.16605929999997, 50.54779540000004], [-89.16879169999999, 50.54858100000001], [-89.16738549999997, 50.56131620000002], [-89.1664467, 50.5587074], [-89.16393119999998, 50.56111960000004], [-89.16601629999997, 50.5634824], [-89.16420599999998, 50.57116920000004], [-89.15170549999999, 50.582280200000014], [-89.14587179999995, 50.61672470000002], [-89.12114839999998, 50.68616910000003], [-89.08187709999999, 50.7089527], [-89.08478599999995, 50.715133700000024], [-89.0824791, 50.7260488], [-89.07185899999996, 50.729745800000046], [-89.0648668, 50.727999100000034], [-89.07115339999996, 50.72981230000005], [-89.06402269999995, 50.743609900000024], [-89.06479859999996, 50.747391600000014], [-89.07045979999998, 50.75007040000003], [-89.07375049999996, 50.74786230000001], [-89.07368109999999, 50.75142520000003], [-89.07895529999996, 50.75430830000005], [-89.07464929999998, 50.757928700000036], [-89.06948889999995, 50.75570000000005], [-89.06847139999996, 50.7512749], [-89.05991489999997, 50.751750200000004], [-89.05278499999997, 50.755995299999995], [-89.05444309999996, 50.7598605], [-89.04539489999996, 50.76633340000001], [-89.046806, 50.769744400000036], [-89.04002019999996, 50.767641800000035], [-89.03582069999999, 50.76956800000005], [-89.03562979999998, 50.7746439], [-89.03110679999998, 50.771412999999995], [-89.02602109999998, 50.773525199999995], [-89.02788069999997, 50.77913210000003], [-89.02503179999997, 50.785099700000046], [-89.0317387, 50.79024450000003], [-89.0155378, 50.78636140000003], [-89.00469519999996, 50.77435250000002], [-89.0139302, 50.78691980000002], [-89.02563839999999, 50.792239300000006], [-89.0264593, 50.79842190000005], [-89.02064159999998, 50.80074440000004], [-89.0087744, 50.7944018], [-89.00776489999998, 50.797998800000016], [-88.99308689999998, 50.79990550000002], [-88.99574959999995, 50.80177560000004], [-89.01175189999998, 50.79731850000002], [-89.01842319999997, 50.80097170000005], [-89.02122329999997, 50.8079745], [-89.01762499999995, 50.81110370000005], [-89.0198514, 50.81763080000002], [-89.01607239999998, 50.82548490000005], [-88.99993459999996, 50.836951200000044], [-89.0000293, 50.84149150000002], [-88.98424649999998, 50.85670440000001], [-88.98794029999999, 50.86285170000002], [-89.00038709999995, 50.866785100000016], [-88.98692509999995, 50.87807750000002], [-88.98196409999997, 50.892821800000036], [-88.99082859999999, 50.9002797], [-89.01100499999995, 50.90460820000004], [-89.01287209999998, 50.908697200000006], [-89.00210859999999, 50.913102400000014], [-89.00308609999996, 50.920432000000005], [-88.99888139999996, 50.92524380000003], [-89.0005132, 50.935414700000024], [-88.99635639999997, 50.94162640000002], [-88.99584009999995, 50.95296140000005], [-88.98542299999997, 50.95939780000003], [-88.98948909999996, 50.96357370000004], [-88.98205209999998, 50.980573900000024], [-88.9827406, 50.9837761], [-88.9905693, 50.98742900000002], [-88.99389279999997, 50.98595540000002], [-88.99960379999999, 50.99103610000003], [-89.01987939999998, 50.996791900000005], [-89.03547939999999, 50.997485400000016], [-89.02778229999996, 51.017708200000015], [-89.0403493, 51.02337060000002], [-89.04858329999996, 51.03810600000003], [-89.04678579999995, 51.041326800000036], [-89.06767109999998, 51.04534180000002], [-89.06580119999995, 51.05333940000003], [-89.07089979999995, 51.0562104], [-89.06638629999998, 51.05798370000002], [-89.05754079999997, 51.05516510000001], [-89.05045679999995, 51.05935640000001], [-89.04998489999997, 51.07307560000004], [-89.05259769999998, 51.07824440000002], [-89.04642579999995, 51.09011780000003], [-89.07059939999999, 51.10089800000003], [-89.0880057, 51.100444400000015], [-89.10275229999996, 51.1169261], [-89.1012619, 51.12469330000005], [-89.12122209999995, 51.136126500000046], [-89.1158479, 51.14462180000004], [-89.14662759999999, 51.13974000000002], [-89.15444009999999, 51.155361200000016], [-89.16322909999997, 51.15536500000002], [-89.17983069999997, 51.14657980000004], [-89.18569019999995, 51.14657220000004], [-89.18373699999995, 51.13485730000002], [-89.18861989999999, 51.1290017], [-89.19447929999995, 51.13290410000002], [-89.19447919999999, 51.13876730000004], [-89.20326819999997, 51.14950950000002], [-89.23158859999995, 51.1514588], [-89.2374557, 51.1582909], [-89.26089309999998, 51.15634550000004], [-89.26479939999996, 51.159275200000025], [-89.26479939999996, 51.16220100000004], [-89.24917429999999, 51.17099000000002], [-89.22768239999999, 51.1924745], [-89.26089309999998, 51.20125970000004], [-89.26284629999998, 51.19638070000002], [-89.25894, 51.190528900000004], [-89.25894009999996, 51.18173610000002], [-89.26479929999999, 51.1768457], [-89.27554149999997, 51.1748963], [-89.28335399999997, 51.17977920000004], [-89.28433059999998, 51.19540410000002], [-89.29507289999998, 51.20224000000002], [-89.29800239999997, 51.21200950000002], [-89.27381229999997, 51.22357960000005], [-89.26804949999996, 51.23077280000001], [-89.26985249999996, 51.24334280000005], [-89.27878669999996, 51.25019000000003], [-89.2826422, 51.25564830000002], [-89.28124649999995, 51.25887670000003], [-89.26438829999995, 51.26456950000005], [-89.22707109999999, 51.267324099999996], [-89.21585479999999, 51.27750470000001], [-89.2076573, 51.295049000000006], [-89.18316239999996, 51.31901290000002], [-89.15076319999997, 51.36436250000003], [-89.16979089999995, 51.38946400000003], [-89.17617229999996, 51.40383730000002], [-89.1825361, 51.40561410000004], [-89.18708399999997, 51.42323780000004], [-89.18512899999996, 51.42584310000001], [-89.18868759999998, 51.42869350000001], [-89.18571229999998, 51.431551300000024], [-89.18992709999998, 51.43359680000003], [-89.18651389999997, 51.444113200000004], [-89.19040559999996, 51.44835440000003], [-89.16684269999996, 51.47439170000001], [-89.15792549999998, 51.49030240000002], [-89.14582009999998, 51.49563210000002], [-89.13413509999998, 51.51412730000004], [-89.1135969, 51.525030300000026], [-89.12123679999996, 51.531349000000034], [-89.1290492, 51.53231800000003], [-89.13260839999998, 51.55059840000001], [-89.12795599999998, 51.55851030000002], [-89.12972989999997, 51.56496980000003], [-89.1046351, 51.57333360000001], [-89.09486949999996, 51.579200600000036], [-89.0890101, 51.58700920000001], [-89.0675258, 51.59188820000003], [-89.04589869999995, 51.60966030000003], [-88.91849929999995, 51.571104100000014], [-88.89875569999998, 51.56170410000004], [-88.889321, 51.56173060000003], [-88.88788619999997, 51.556699700000024], [-88.86875759999998, 51.555303500000036], [-88.86433319999998, 51.5508236], [-88.8470845, 51.546977800000036], [-88.8415167, 51.55553650000002], [-88.8310621, 51.55743570000004], [-88.78207809999998, 51.555797900000016], [-88.72505689999997, 51.56085870000004], [-88.65971349999995, 51.54494930000004], [-88.6207202, 51.54831810000002], [-88.6110855, 51.545870000000036], [-88.603588, 51.55167400000005], [-88.56659049999996, 51.560509800000034], [-88.55421369999999, 51.55294090000001], [-88.53420679999999, 51.54994000000005], [-88.53639879999997, 51.54650320000002], [-88.54505769999997, 51.54623660000004], [-88.55312119999996, 51.54161590000001], [-88.54935939999996, 51.53530800000004], [-88.54065809999997, 51.53212240000005], [-88.5416621, 51.527271299999995], [-88.52101919999996, 51.522990600000014], [-88.50382629999996, 51.508239900000035], [-88.36934969999999, 51.479888700000004], [-88.3429964, 51.48236960000003], [-88.32272589999997, 51.488103300000034], [-88.28143799999998, 51.47758210000001], [-88.27392799999996, 51.48351790000004], [-88.25801009999998, 51.47606430000002], [-88.19909469999999, 51.473651200000006], [-88.19170959999997, 51.4709479], [-88.19060299999995, 51.46604930000001], [-88.12819159999998, 51.48404830000004], [-88.10224569999997, 51.48612050000003], [-88.08236199999999, 51.480919400000005], [-88.07059629999998, 51.48707010000004], [-88.0246363, 51.498639800000035], [-87.99625499999996, 51.49334520000002], [-87.9740658, 51.49308190000005], [-87.9636089, 51.481514600000025], [-87.95324949999997, 51.47920730000004], [-87.9487307, 51.4744872], [-87.93892239999997, 51.473657900000035], [-87.93416909999996, 51.46370570000005], [-87.9237468, 51.46299690000001], [-87.91237789999997, 51.45594620000003], [-87.8826401, 51.453611100000046], [-87.83228319999995, 51.43470030000003], [-87.8152374, 51.423499100000015], [-87.81158899999997, 51.415647300000046], [-87.8229925, 51.40682750000002], [-87.79429499999998, 51.40185500000001], [-87.78685209999998, 51.39285920000003], [-87.7859636, 51.3888187], [-87.79289979999999, 51.38351160000002], [-87.7922302, 51.37718570000004], [-87.79931879999998, 51.37417020000004], [-87.79084509999996, 51.36517260000005], [-87.78334309999997, 51.36131590000002], [-87.75175389999998, 51.364836500000024], [-87.74285839999999, 51.36103560000004], [-87.74235759999999, 51.354042900000024], [-87.73624559999996, 51.347229500000026], [-87.7098641, 51.344155200000046], [-87.6988667, 51.33664100000004], [-87.69067519999999, 51.33605110000002], [-87.68044309999999, 51.3236569], [-87.6739882, 51.320933600000046], [-87.6738856, 51.31588960000005], [-87.65438739999996, 51.31301480000002], [-87.65666649999997, 51.30782260000001], [-87.64355089999998, 51.29530630000005], [-87.63942659999998, 51.28130110000001], [-87.61649879999999, 51.281235200000026], [-87.58653169999997, 51.271084099999996], [-87.57143199999996, 51.27301120000004], [-87.56187949999997, 51.26320190000001], [-87.52553439999997, 51.26342460000001], [-87.52737179999997, 51.249892000000045], [-87.51920709999996, 51.247581500000024], [-87.50468169999999, 51.24654800000002], [-87.42292509999999, 51.266411800000014], [-87.40346189999997, 51.26498780000003], [-87.37110049999995, 51.2742399], [-87.33395519999999, 51.27612320000003], [-87.29554149999996, 51.284112600000014], [-87.26259059999995, 51.28176510000003], [-87.22031899999996, 51.29430120000001], [-87.19627559999998, 51.3130941], [-87.19295449999998, 51.32044280000002], [-87.18403409999996, 51.32539380000003], [-87.18408289999996, 51.333990099999994], [-87.17478669999997, 51.33665490000004], [-87.17557919999996, 51.346576500000026], [-87.18418699999995, 51.35281910000003], [-87.17957289999998, 51.355362000000014], [-87.18310909999997, 51.35620180000001], [-87.17855739999999, 51.3567544], [-87.18011409999997, 51.383763000000044], [-87.16709259999999, 51.3832946], [-87.15385709999998, 51.38845660000004], [-87.13936609999996, 51.38386920000005], [-87.13207069999999, 51.390802199999996], [-87.11238979999996, 51.388710900000035], [-87.09469999999999, 51.3941097], [-87.08716099999998, 51.38862280000001], [-87.07659519999999, 51.3877301], [-87.04813779999995, 51.39203730000003], [-87.02373319999998, 51.40189630000003], [-87.03089729999999, 51.406760399999996], [-87.02864319999998, 51.409527300000036], [-87.0179832, 51.41158660000002], [-87.01177569999999, 51.407281400000045], [-86.99991749999998, 51.40871490000001], [-86.97355139999996, 51.42001430000005], [-86.94905849999998, 51.42240450000003], [-86.9433335, 51.4261702], [-86.936419, 51.4253736], [-86.93515529999996, 51.4212799], [-86.9272626, 51.42169000000001], [-86.918541, 51.414353300000016], [-86.88848959999996, 51.42055590000001], [-86.89101889999995, 51.40867970000005], [-86.8855398, 51.40241880000002], [-86.86513289999999, 51.3930689], [-86.8598733, 51.3969376], [-86.8487058, 51.3946722], [-86.83889429999999, 51.3649398], [-86.83838319999995, 51.310797800000046], [-86.83433209999998, 51.266024800000025], [-86.82830489999998, 51.243891899999994], [-86.81831029999995, 51.224269100000015], [-86.787419, 51.1811821], [-86.74687619999997, 51.14952770000002], [-86.6736952, 51.10970230000004], [-86.62310459999998, 51.070033300000034], [-86.61247699999996, 51.04217070000004], [-86.61842009999998, 51.00132670000005], [-86.53422219999999, 50.99618460000005], [-86.5527768, 50.995204100000024], [-86.59379249999995, 50.970790100000045], [-86.58012069999995, 50.95516130000004], [-86.58598009999997, 50.93563390000003], [-86.57816759999997, 50.931735300000014], [-86.55668309999999, 50.93075110000001], [-86.54887069999995, 50.93368450000003], [-86.5439877, 50.939551600000016], [-86.54691739999998, 50.952231600000005], [-86.54301129999999, 50.95614930000005], [-86.50882389999998, 50.96102830000001], [-86.5068708, 50.955165100000045], [-86.51664409999995, 50.952231600000005], [-86.51957379999999, 50.944422900000006], [-86.50882389999998, 50.929778200000044], [-86.50003479999998, 50.928797900000006], [-86.48831619999999, 50.93368450000003], [-86.47855039999996, 50.933688399999994], [-86.47073789999996, 50.926852499999995], [-86.4648785, 50.925879699999996], [-86.45706609999996, 50.913172900000006], [-86.45023019999996, 50.91317670000001], [-86.44925359999996, 50.91025080000003], [-86.4199567, 50.900477600000045], [-86.40237859999996, 50.88778610000003], [-86.38480039999996, 50.88680950000003], [-86.37015199999996, 50.87900080000003], [-86.3701519, 50.86239550000005], [-86.38577699999996, 50.84286420000001], [-86.4053083, 50.826255100000026], [-86.41507389999998, 50.80184870000005], [-86.44339429999997, 50.801844800000026], [-86.4599958, 50.78035670000003], [-86.4599958, 50.77352450000001], [-86.44632409999997, 50.76473930000003], [-86.4287458, 50.76473550000003], [-86.41214429999997, 50.77352450000001], [-86.38577699999996, 50.777427000000046], [-86.3662458, 50.77255180000003], [-86.34963649999997, 50.76376270000003], [-86.3603865, 50.75106360000001], [-86.36917549999998, 50.74618460000005], [-86.36917549999998, 50.73543860000001], [-86.383824, 50.72469640000003], [-86.3828474, 50.71884080000001], [-86.37335329999996, 50.707283200000006]]]}}, {"id": "6", "type": "Feature", "properties": {"RANGE_NAME": "Pagwachuan", "RANGE_TYPE": "Continuous", "color": "#4363d8"}, "geometry": {"type": "Polygon", "coordinates": [[[-81.82731309999997, 50.39936400000005], [-81.85560669999995, 50.38494030000004], [-81.90957529999997, 50.3693816], [-81.96432669999996, 50.336491000000024], [-81.98791319999998, 50.32801870000003], [-82.01036859999999, 50.312967800000024], [-82.02267389999997, 50.29536710000002], [-82.03891119999997, 50.286660900000015], [-82.06399779999998, 50.25776130000003], [-82.08014299999996, 50.2489693], [-82.0984406, 50.2456138], [-82.12388909999999, 50.251243500000044], [-82.13518689999995, 50.24972160000004], [-82.15211289999996, 50.226854], [-82.18714369999998, 50.20912480000004], [-82.19149139999996, 50.195741999999996], [-82.19944999999996, 50.18568570000002], [-82.19938349999995, 50.180236000000036], [-82.21719339999999, 50.16344760000004], [-82.20774929999999, 50.144829300000026], [-82.21269359999997, 50.14109910000002], [-82.20894439999995, 50.12338360000001], [-82.21517489999997, 50.11971190000003], [-82.20757649999996, 50.11405290000005], [-82.20452079999995, 50.10543210000003], [-82.18942039999996, 50.09821260000001], [-82.18676149999999, 50.091277700000035], [-82.18007409999996, 50.08873440000002], [-82.17801329999998, 50.08312010000003], [-82.17026949999996, 50.08099920000001], [-82.16216499999996, 50.06632050000002], [-82.15416949999997, 50.06087180000003], [-82.15617349999997, 50.05468190000005], [-82.15055389999998, 50.03565640000005], [-82.17030369999998, 50.029326500000025], [-82.1712268, 50.02108320000002], [-82.18072899999999, 50.01826780000005], [-82.16462209999997, 50.009913400000016], [-82.16847419999999, 49.99149780000005], [-82.1670039, 49.98332190000002], [-82.15161419999998, 49.96758590000002], [-82.15915619999998, 49.95325890000004], [-82.15468089999996, 49.93626690000002], [-82.1582148, 49.92460090000003], [-82.14954499999999, 49.9127287], [-82.15375039999998, 49.90793630000002], [-82.15309889999997, 49.89237920000005], [-82.10755419999998, 49.88774600000005], [-82.09760189999997, 49.89685050000003], [-82.0850878, 49.89385580000004], [-82.04738099999997, 49.87683810000004], [-82.03168589999996, 49.85673010000005], [-82.03490139999997, 49.85242290000002], [-82.04564979999998, 49.85255390000003], [-82.04491669999999, 49.83526440000003], [-82.05246149999999, 49.83094410000001], [-82.04901659999996, 49.81779400000005], [-82.05462139999997, 49.8091541], [-82.07761639999995, 49.79550610000001], [-82.08535569999998, 49.79441330000003], [-82.08658179999998, 49.787044700000024], [-82.11206319999997, 49.776283000000035], [-82.1142873, 49.770713], [-82.12831109999996, 49.762547299999994], [-82.1424141, 49.761882300000025], [-82.18646589999997, 49.724589500000036], [-82.18397149999998, 49.711270400000046], [-82.19351979999999, 49.70246320000001], [-82.19757089999996, 49.69076230000002], [-82.21536499999996, 49.68242950000001], [-82.23459329999997, 49.66581820000005], [-82.24296339999995, 49.664325399999996], [-82.25345819999995, 49.6414279], [-82.25201659999999, 49.624933200000044], [-82.25647029999999, 49.61993180000002], [-82.26736149999999, 49.61783180000003], [-82.26974309999997, 49.611531900000045], [-82.28401599999995, 49.59943270000002], [-82.20947339999998, 49.47738050000004], [-82.43761639999997, 49.517898], [-82.45392809999998, 49.514799900000014], [-82.4532663, 49.52428690000005], [-82.44963429999996, 49.52945770000002], [-82.45343299999996, 49.5327044], [-82.46159719999997, 49.53211580000004], [-82.46011009999995, 49.533690800000045], [-82.46769039999998, 49.540498900000046], [-82.4850242, 49.5411421], [-82.50417669999996, 49.53522190000001], [-82.5102048, 49.5384267], [-82.50800469999996, 49.54149460000002], [-82.51247599999999, 49.544387900000004], [-82.5146264, 49.54150820000001], [-82.5295054, 49.53857780000004], [-82.53673399999997, 49.546056100000044], [-82.53487039999999, 49.550110700000005], [-82.55705789999996, 49.55220590000005], [-82.56441709999996, 49.56168200000002], [-82.57933639999999, 49.56767830000001], [-82.58220869999997, 49.563962600000025], [-82.59285899999998, 49.561265400000025], [-82.603948, 49.56300090000002], [-82.61110829999996, 49.55333040000005], [-82.62487489999995, 49.55686780000002], [-82.6309526, 49.55322240000004], [-82.63538799999998, 49.55543560000001], [-82.64450039999997, 49.5535878], [-82.65184209999995, 49.55685650000004], [-82.6529458, 49.56497250000001], [-82.68186659999998, 49.5791193], [-82.69679179999997, 49.56698520000003], [-82.71263589999995, 49.56715980000001], [-82.7344048, 49.5505804], [-82.74047529999996, 49.55106140000004], [-82.73816689999995, 49.55546720000001], [-82.74087809999997, 49.56085540000004], [-82.75458989999998, 49.55951060000001], [-82.76424319999995, 49.56264100000004], [-82.76901579999998, 49.55755780000004], [-82.78364189999996, 49.55202550000001], [-82.8092825, 49.553350300000034], [-82.81285079999998, 49.55511630000001], [-82.80285019999997, 49.566893300000004], [-82.82601199999999, 49.56888670000001], [-82.83127489999998, 49.573182599999996], [-82.82207749999998, 49.57879330000003], [-82.8128964, 49.57863660000004], [-82.80493939999997, 49.58511230000005], [-82.80884779999997, 49.58973120000002], [-82.80015319999995, 49.59934350000003], [-82.80249549999996, 49.60411140000002], [-82.8169729, 49.605074100000024], [-82.8226406, 49.60875960000004], [-82.8542845, 49.602913700000045], [-82.86109749999997, 49.60590780000001], [-82.86860489999998, 49.600974199999996], [-82.8666, 49.5948626], [-82.88402879999995, 49.591782600000045], [-82.90210589999998, 49.60115710000002], [-82.89089729999995, 49.610516200000006], [-82.89785669999998, 49.609709699999996], [-82.90076949999997, 49.61555390000001], [-82.90955689999998, 49.6165158], [-82.91566169999999, 49.62073270000002], [-82.90989809999996, 49.62630630000001], [-82.92204399999997, 49.62921770000003], [-82.9279085, 49.6340227], [-82.93749609999998, 49.63177570000005], [-82.94691879999999, 49.62037760000004], [-82.95732529999998, 49.616608299999996], [-82.982099, 49.62322130000001], [-83.00003989999999, 49.618749800000046], [-83.00451189999995, 49.62174680000004], [-83.02119139999996, 49.61592440000004], [-83.08200719999996, 49.65089310000002], [-83.07794159999997, 49.656605300000024], [-83.07959689999996, 49.65892340000005], [-83.08878699999997, 49.65812490000002], [-83.1197388, 49.667113700000016], [-83.14024159999997, 49.66863080000002], [-83.14740259999996, 49.666636100000005], [-83.14810869999997, 49.662844800000016], [-83.15830009999996, 49.662970099999995], [-83.1605864, 49.64982070000002], [-83.16730889999997, 49.64426960000003], [-83.1697484, 49.646797700000036], [-83.22601449999996, 49.644487800000036], [-83.23406669999997, 49.652428799999996], [-83.2504745, 49.65936240000002], [-83.25676709999999, 49.66646330000003], [-83.27753639999997, 49.66588490000004], [-83.27866369999998, 49.661832600000025], [-83.28750229999997, 49.66206310000001], [-83.29509999999999, 49.66704910000004], [-83.29191759999998, 49.68258510000004], [-83.29598959999998, 49.67955380000001], [-83.29909599999996, 49.67987000000005], [-83.2982303, 49.68209110000004], [-83.3140181, 49.682019500000024], [-83.31601739999996, 49.684705199999996], [-83.31353509999997, 49.68644610000001], [-83.31876619999997, 49.68827550000003], [-83.32093529999997, 49.69422320000001], [-83.34778309999996, 49.710621], [-83.41492, 49.71219070000001], [-83.44214269999998, 49.70480980000002], [-83.46736329999999, 49.71363980000001], [-83.49012349999998, 49.70701730000002], [-83.51036099999999, 49.70834340000005], [-83.51348439999998, 49.7108035], [-83.51095529999998, 49.719324700000016], [-83.5302347, 49.73173220000001], [-83.52621159999995, 49.73988230000003], [-83.53446389999999, 49.74635010000003], [-83.53322699999995, 49.750810200000046], [-83.53837279999999, 49.75615170000003], [-83.52832889999996, 49.76156260000005], [-83.53089989999995, 49.7701022], [-83.52890499999995, 49.7741049], [-83.53793129999997, 49.780148999999994], [-83.57786299999998, 49.7819331], [-83.58165059999999, 49.78732500000001], [-83.5788192, 49.797168], [-83.58511239999996, 49.80370140000002], [-83.58250469999996, 49.8216443], [-83.58449789999997, 49.82695240000004], [-83.59114389999996, 49.82771250000002], [-83.59597819999999, 49.820866300000034], [-83.62238069999995, 49.829573400000015], [-83.62136809999998, 49.83590460000005], [-83.64040739999996, 49.848523200000045], [-83.64294579999995, 49.857406200000014], [-83.66617489999999, 49.853509900000006], [-83.67165819999997, 49.857351300000005], [-83.66994639999996, 49.862227700000005], [-83.69095199999998, 49.86670750000002], [-83.69669479999999, 49.85858760000002], [-83.72899459999996, 49.85252810000003], [-83.73793589999997, 49.85672070000004], [-83.73892769999998, 49.864982499999996], [-83.7484895, 49.86706350000003], [-83.77481159999996, 49.86204150000003], [-83.78138249999995, 49.84454400000004], [-83.7929871, 49.84297380000004], [-83.78890509999997, 49.84893850000003], [-83.79299949999995, 49.8514217], [-83.8006719, 49.84719720000004], [-83.8040494, 49.84786220000001], [-83.8026501, 49.851089700000045], [-83.80882539999999, 49.85129090000004], [-83.81250639999996, 49.84351890000005], [-83.81747189999999, 49.842309700000044], [-83.8242424, 49.8479653], [-83.8358255, 49.846447900000044], [-83.83605029999995, 49.85723300000001], [-83.85280069999999, 49.85726140000003], [-83.8525957, 49.85184850000002], [-83.96097879999996, 49.8515046], [-84.08412919999995, 49.83926340000005], [-84.16813839999998, 49.839406800000006], [-84.1759136, 49.836268700000005], [-84.18468199999995, 49.82190060000005], [-84.20525269999996, 49.81170080000004], [-84.20832759999996, 49.80161810000004], [-84.20395059999998, 49.78981870000001], [-84.23799959999997, 49.78616550000004], [-84.2535335, 49.7719975], [-84.27199669999999, 49.7763698], [-84.28621169999997, 49.7706278], [-84.30086079999995, 49.775899200000026], [-84.30826919999998, 49.782091200000025], [-84.31721729999998, 49.78325460000002], [-84.34306049999998, 49.7762692], [-84.34725499999996, 49.768088300000045], [-84.3586176, 49.76942980000001], [-84.37575099999998, 49.75641540000004], [-84.40734839999999, 49.7604197], [-84.4048282, 49.75683430000004], [-84.40949809999995, 49.75578860000002], [-84.40959679999997, 49.75302240000002], [-84.43449799999996, 49.75803380000002], [-84.51470319999999, 49.76348040000005], [-84.51931819999999, 49.73482870000004], [-84.532802, 49.721829900000046], [-84.52691999999996, 49.70460330000003], [-84.52915559999997, 49.68596660000003], [-84.54385509999997, 49.67051860000004], [-84.55968129999997, 49.644270500000005], [-84.56803829999996, 49.621128999999996], [-84.61772049999996, 49.57201040000001], [-84.6453444, 49.56080930000002], [-84.65512329999996, 49.5512564], [-84.6621586, 49.53596170000003], [-84.69631479999998, 49.51655020000004], [-84.69910519999996, 49.49330630000003], [-84.72818219999999, 49.472299899999996], [-84.70957979999997, 49.46062490000003], [-84.7010449, 49.44894960000005], [-84.71234849999996, 49.41716600000001], [-84.70467249999996, 49.399336500000004], [-84.7283486, 49.36927160000005], [-84.73757819999997, 49.36417190000003], [-84.7430377, 49.356245200000046], [-84.74366619999995, 49.348529799999994], [-84.75412299999999, 49.34054710000004], [-84.75320189999997, 49.3266122], [-84.75761239999997, 49.31860130000001], [-85.29242449999998, 49.31962580000004], [-85.2569914, 49.348841900000025], [-85.2735131, 49.353302799999994], [-85.28613709999996, 49.3617218], [-85.30719239999996, 49.36328080000004], [-85.30597549999999, 49.37074460000002], [-85.3174062, 49.37043440000002], [-85.31529749999999, 49.37852650000002], [-85.32245739999996, 49.383119100000044], [-85.3384441, 49.38139750000005], [-85.35645439999996, 49.38671870000002], [-85.36098609999999, 49.39050690000005], [-85.3586535, 49.392273000000046], [-85.360094, 49.39909370000004], [-85.38566529999997, 49.40405830000003], [-85.42141579999998, 49.42443100000003], [-85.42566849999997, 49.4208989], [-85.42267559999999, 49.418762300000026], [-85.4275571, 49.41141670000002], [-85.4258044, 49.39939330000004], [-85.4315762, 49.396907999999996], [-85.43381929999998, 49.38964320000002], [-85.4410451, 49.386448400000006], [-85.44594189999998, 49.39284680000003], [-85.45567219999998, 49.39767240000003], [-85.45544759999996, 49.40879650000005], [-85.48365079999996, 49.41069810000005], [-85.4960489, 49.417794800000024], [-85.50469939999999, 49.4171781], [-85.5146671, 49.426364300000046], [-85.52717409999997, 49.43010380000004], [-85.53178859999997, 49.435388500000045], [-85.52568729999996, 49.44888460000004], [-85.53211529999999, 49.456333099999995], [-85.534738, 49.45572240000001], [-85.52417259999999, 49.4670481], [-85.52827409999998, 49.47250630000002], [-85.5254526, 49.47728280000001], [-85.52712809999997, 49.485220800000036], [-85.53723079999997, 49.487070700000004], [-85.5361145, 49.4902409], [-85.53982379999997, 49.484386900000004], [-85.5538343, 49.47608010000005], [-85.56303259999999, 49.4782993], [-85.5692972, 49.471774400000015], [-85.57712449999997, 49.47175370000002], [-85.58996409999997, 49.45773430000003], [-85.59460719999998, 49.45751180000002], [-85.59831269999995, 49.462099100000046], [-85.594379, 49.46597330000003], [-85.59659119999998, 49.47357390000002], [-85.6193313, 49.466048], [-85.62287959999998, 49.468959600000005], [-85.63983139999999, 49.47089550000004], [-85.64655909999999, 49.464182900000026], [-85.65173569999996, 49.4656554], [-85.65046139999998, 49.46331090000001], [-85.65465089999998, 49.4600044], [-85.65267169999998, 49.45820040000001], [-85.66102659999996, 49.45443820000003], [-85.66235689999996, 49.44966820000002], [-85.68140619999997, 49.44779930000004], [-85.67554769999998, 49.451699399999995], [-85.67178279999996, 49.46490620000003], [-85.67359339999996, 49.46787720000003], [-85.65765969999995, 49.49686490000005], [-85.66050029999997, 49.49756400000001], [-85.66014329999996, 49.511116500000014], [-85.69164119999999, 49.53327360000003], [-85.70607319999999, 49.53839220000003], [-85.71891619999997, 49.56051020000001], [-85.73947669999995, 49.56490050000002], [-85.75268169999998, 49.56282170000003], [-85.76555429999996, 49.55468410000003], [-85.77199149999996, 49.5422403], [-85.78590019999996, 49.5371159], [-85.82978269999995, 49.54644590000004], [-85.87159759999997, 49.539404200000035], [-85.89424009999999, 49.538723300000015], [-85.9142003, 49.54803330000004], [-85.92780059999996, 49.56081610000001], [-85.94198169999999, 49.565606], [-85.95122119999996, 49.564259900000025], [-85.98177499999997, 49.56867940000001], [-86.00827749999996, 49.56510460000004], [-86.0277089, 49.57271730000002], [-86.0349248, 49.59116340000003], [-86.05098649999996, 49.60200910000003], [-86.0603759, 49.603138100000024], [-86.0832977, 49.59858150000002], [-86.1051109, 49.60369940000004], [-86.12118979999997, 49.6146794], [-86.1332615, 49.61544500000002], [-86.16333989999998, 49.626990800000044], [-86.18906699999997, 49.642024400000025], [-86.25759529999999, 49.649778800000036], [-86.2896503, 49.67367210000003], [-86.3109485, 49.673027200000035], [-86.3244176, 49.683225600000014], [-86.33029429999999, 49.70652000000001], [-86.35389299999997, 49.721684100000004], [-86.44324919999997, 49.73296850000003], [-86.50748039999996, 49.7663503], [-86.53806119999996, 49.773348], [-86.54037439999996, 49.78281940000005], [-86.55140789999996, 49.78690110000002], [-86.5619082, 49.797941500000036], [-86.56654509999998, 49.81241300000005], [-86.58819319999998, 49.82803430000001], [-86.6081939, 49.86161670000001], [-86.6216139, 49.91589700000003], [-86.6422488, 49.92466910000002], [-86.65425369999997, 49.9371448], [-86.67444649999999, 49.97282990000002], [-86.66847239999998, 49.983948], [-86.6672135, 50.01707010000001], [-86.68162219999999, 50.03976660000001], [-86.6802576, 50.04757870000003], [-86.66753119999998, 50.06810330000002], [-86.66895639999996, 50.08233590000003], [-86.67470049999997, 50.092749200000014], [-86.67082739999995, 50.10711960000003], [-86.665797, 50.11256460000004], [-86.67949199999998, 50.164570000000026], [-86.68787519999995, 50.16943150000003], [-86.4963133, 50.31401880000004], [-86.4627547, 50.32938250000001], [-86.45328689999997, 50.33657830000004], [-86.45172969999999, 50.34367590000005], [-86.43090289999998, 50.348288500000024], [-86.41529399999996, 50.3603344], [-86.39844169999998, 50.36666990000003], [-86.37280149999998, 50.38216520000003], [-86.36003439999996, 50.39407720000003], [-86.326595, 50.409094400000015], [-86.3030056, 50.42652890000005], [-86.30203039999998, 50.43444630000005], [-86.27325059999998, 50.4472207], [-86.26465589999998, 50.454685299999994], [-86.29104309999997, 50.46981750000003], [-86.2998321, 50.47175920000001], [-86.31448039999998, 50.48543490000003], [-86.3301055, 50.48543490000003], [-86.33401169999996, 50.48836460000001], [-86.3398712, 50.49520430000001], [-86.3369414, 50.50496610000005], [-86.33987109999998, 50.51473550000003], [-86.36331629999995, 50.511809700000015], [-86.38577729999997, 50.52938400000005], [-86.39358959999998, 50.55184110000005], [-86.40140219999995, 50.55770810000001], [-86.41702719999995, 50.558677000000046], [-86.4238631, 50.56552060000001], [-86.41507409999997, 50.57137620000003], [-86.41409749999997, 50.57821210000003], [-86.4228865, 50.58113800000001], [-86.44241769999996, 50.599700299999995], [-86.44632409999997, 50.62997370000005], [-86.43851159999997, 50.65536430000003], [-86.42093349999999, 50.66414960000003], [-86.41898309999999, 50.67879700000003], [-86.38675359999996, 50.70418860000001], [-86.37335329999996, 50.707283200000006], [-86.3661166, 50.70505650000001], [-86.36743379999996, 50.701309500000036], [-86.36285929999997, 50.7013293], [-86.33697949999998, 50.71023310000004], [-86.32665859999997, 50.701171000000045], [-86.31731049999996, 50.7011167], [-86.30694439999996, 50.695506300000034], [-86.28408149999996, 50.70095310000005], [-86.25914289999997, 50.693155700000034], [-86.25555399999996, 50.699884999999995], [-86.23094259999999, 50.69910440000001], [-86.228162, 50.704712900000004], [-86.21358409999999, 50.70674980000001], [-86.2102524, 50.71227650000003], [-86.19143549999995, 50.7189386], [-86.18166009999999, 50.71514500000001], [-86.15033749999998, 50.72210160000003], [-86.1148364, 50.719315600000016], [-86.10103989999999, 50.72600650000004], [-86.07178639999995, 50.72056250000003], [-86.04935989999996, 50.72076660000005], [-86.04558499999996, 50.724283600000035], [-86.03273899999999, 50.726785199999995], [-86.03114299999999, 50.732328800000005], [-86.0188862, 50.738723600000014], [-85.97920309999995, 50.749151299999994], [-85.96886709999995, 50.7571183], [-85.92695199999997, 50.75866380000002], [-85.9149051, 50.75506920000004], [-85.8939125, 50.75559980000003], [-85.88147979999997, 50.76489090000001], [-85.8704194, 50.76805950000005], [-85.85111269999999, 50.789118099999996], [-85.8235664, 50.80407250000002], [-85.82782789999999, 50.819220099999995], [-85.83661969999997, 50.827385600000014], [-85.82231039999999, 50.82725930000004], [-85.81389709999996, 50.84224330000001], [-85.81533679999995, 50.84760160000002], [-85.80527699999999, 50.850837100000035], [-85.80178319999999, 50.857149600000014], [-85.7932146, 50.85839450000003], [-85.78990979999998, 50.86800340000002], [-85.77693789999995, 50.86728020000004], [-85.77195699999999, 50.87407360000003], [-85.75363849999997, 50.8826492], [-85.72839039999997, 50.88028910000003], [-85.69071869999999, 50.896054900000024], [-85.68452109999998, 50.89359770000004], [-85.62672019999997, 50.89667810000003], [-85.6023616, 50.90702190000002], [-85.532825, 50.9106367], [-85.52546839999997, 50.91747140000001], [-85.51013369999998, 50.91816990000001], [-85.4943333, 50.92346330000004], [-85.44976179999998, 50.92680050000001], [-85.43218489999998, 50.91767970000001], [-85.40627769999998, 50.913453000000004], [-85.38505499999997, 50.900825999999995], [-85.36989349999999, 50.90081280000004], [-85.34488049999999, 50.89513360000001], [-85.32646899999997, 50.89800230000003], [-85.31688559999998, 50.89181540000004], [-85.30130309999998, 50.89252550000003], [-85.29103649999996, 50.885442900000044], [-85.2776834, 50.885675900000024], [-85.26580309999997, 50.87970440000004], [-85.23665679999999, 50.87260130000004], [-85.20233559999997, 50.874443299999996], [-85.1676822, 50.86748550000004], [-85.1518021, 50.87254690000003], [-85.0924627, 50.868584], [-85.07108839999995, 50.8761131], [-85.05518169999999, 50.877573900000016], [-85.0451491, 50.87246600000003], [-85.03908809999996, 50.87927930000001], [-85.04301709999999, 50.88610670000003], [-85.03639099999998, 50.885134900000025], [-85.03155779999997, 50.88028860000003], [-85.02580079999996, 50.88196740000001], [-85.03050579999996, 50.89190830000001], [-85.02867839999999, 50.894682500000044], [-85.01458029999998, 50.88927140000004], [-85.00749019999995, 50.88984650000003], [-85.00284499999998, 50.89465280000002], [-84.99147239999996, 50.89329660000004], [-84.9862435, 50.89665030000003], [-84.97952729999997, 50.9086102], [-84.95771279999997, 50.9133645], [-84.9372343, 50.92348500000003], [-84.90840969999999, 50.93111160000001], [-84.8470342, 50.9368566], [-84.81521929999997, 50.927985500000034], [-84.7962162, 50.9330382], [-84.75237709999999, 50.93279380000001], [-84.7399082, 50.92939050000001], [-84.73413999999997, 50.934766000000025], [-84.72575499999999, 50.93335300000001], [-84.72195799999997, 50.939393300000006], [-84.70807029999997, 50.938090500000044], [-84.70376049999999, 50.94675970000003], [-84.69291929999997, 50.94298260000005], [-84.68229359999998, 50.94951480000003], [-84.67943129999998, 50.947272], [-84.6807076, 50.94189080000001], [-84.6753526, 50.940968999999996], [-84.66869489999999, 50.94840670000002], [-84.65372329999997, 50.95141960000001], [-84.64089149999995, 50.95927930000005], [-84.63237939999999, 50.95770070000003], [-84.63731519999999, 50.95255980000002], [-84.63546609999997, 50.95056690000001], [-84.61329949999998, 50.95467580000002], [-84.59521459999996, 50.95327310000005], [-84.5931362, 50.96896330000004], [-84.61012729999999, 50.988358300000016], [-84.60962239999998, 50.99753080000005], [-84.60313889999998, 51.007674699999995], [-84.60579279999996, 51.02206840000002], [-84.59062589999996, 51.034818599999994], [-84.5864292, 51.04295450000001], [-84.57138499999996, 51.050467800000035], [-84.57401749999997, 51.06299420000005], [-84.57160189999996, 51.07049110000003], [-84.55655789999997, 51.07753100000002], [-84.51092169999998, 51.07662780000004], [-84.49617309999996, 51.08370770000005], [-84.45741089999996, 51.13949550000001], [-84.43847249999999, 51.15097940000004], [-84.43378859999996, 51.15928230000003], [-84.41859399999998, 51.16764930000005], [-84.39720599999998, 51.193285400000036], [-84.36867329999995, 51.215599999999995], [-84.33937579999997, 51.222736999999995], [-84.30421419999999, 51.23950400000001], [-84.28216479999998, 51.23960450000004], [-84.24327629999999, 51.2475738], [-84.22209289999995, 51.24590340000003], [-84.1972098, 51.25569610000002], [-84.1668449, 51.25198450000005], [-84.14593769999999, 51.25628230000001], [-84.12046719999995, 51.255649000000005], [-84.03431789999996, 51.28362950000002], [-83.9889349, 51.287125300000014], [-83.92881169999998, 51.30643310000005], [-83.89694629999997, 51.30986680000001], [-83.86973549999999, 51.3215333], [-83.8355838, 51.328701100000046], [-83.81647519999996, 51.33885780000003], [-83.80543259999996, 51.33909], [-83.79992279999999, 51.34369330000004], [-83.78155759999999, 51.33823580000001], [-83.7073464, 51.3458842], [-83.6016869, 51.34265310000001], [-83.51440149999996, 51.3261986], [-83.5173044, 51.31557330000004], [-83.51513009999996, 51.313426400000026], [-83.51894139999996, 51.310014600000045], [-83.5121618, 51.3045242], [-83.50498349999998, 51.2882371], [-83.51345039999995, 51.27221130000004], [-83.51169039999996, 51.26781570000003], [-83.51597859999998, 51.264589400000034], [-83.51290069999999, 51.246024300000045], [-83.51790829999999, 51.2417451], [-83.50616729999996, 51.2335061], [-83.50640579999998, 51.22474740000001], [-83.51114909999995, 51.221355500000016], [-83.50583969999997, 51.2160609], [-83.51298249999996, 51.20589960000001], [-83.50834269999996, 51.202454500000044], [-83.50914339999997, 51.197642900000005], [-83.50521989999999, 51.195991100000015], [-83.5069446, 51.1895121], [-83.50267599999995, 51.1868149], [-83.50720719999998, 51.18553810000003], [-83.50567959999995, 51.181697799999995], [-83.5111852, 51.17745930000001], [-83.49757939999995, 51.1744223], [-83.50891339999998, 51.17144110000004], [-83.5041359, 51.16571670000002], [-83.50718469999998, 51.162523100000044], [-83.50654979999996, 51.155900900000006], [-83.51131219999996, 51.15317780000004], [-83.50871189999998, 51.14986780000004], [-83.51775749999996, 51.136585500000024], [-83.51616539999998, 51.13261140000003], [-83.5356453, 51.1213975], [-83.53657999999996, 51.11578730000002], [-83.53313299999996, 51.1113029], [-83.53872099999995, 51.109045700000024], [-83.53716049999997, 51.10587450000003], [-83.54501769999996, 51.09820890000003], [-83.53432229999999, 51.094826900000044], [-83.54262989999995, 51.0946993], [-83.53471179999997, 51.08783510000001], [-83.54370189999997, 51.084185700000035], [-83.53094219999997, 51.084711700000014], [-83.53735469999998, 51.083995800000025], [-83.53923749999996, 51.0789456], [-83.5291765, 51.080741500000045], [-83.52980339999999, 51.0712896], [-83.52425829999999, 51.07398570000004], [-83.52397229999997, 51.06930440000002], [-83.51806729999998, 51.0691817], [-83.52139919999996, 51.063528700000006], [-83.52939189999995, 51.0620826], [-83.5264626, 51.0585471], [-83.52776499999999, 51.054565800000034], [-83.51591969999998, 51.0501625], [-83.51559939999999, 51.04436770000001], [-83.4921094, 51.04109170000004], [-83.4935486, 51.03651260000004], [-83.48192839999996, 51.03341470000004], [-83.4847916, 51.03041060000004], [-83.47861119999999, 51.02766870000005], [-83.48050549999999, 51.024607], [-83.4688635, 51.0270946], [-83.4717827, 51.02189240000001], [-83.46287699999999, 51.021203900000046], [-83.4667968, 51.01908500000002], [-83.46459139999996, 51.014394100000004], [-83.47110329999998, 51.01247080000002], [-83.4702557, 51.00932290000003], [-83.48293689999997, 51.00992130000003], [-83.48044749999997, 51.007005700000036], [-83.48377669999996, 51.00285310000004], [-83.4779911, 51.00040790000003], [-83.47781709999998, 50.99189150000001], [-83.47353769999995, 50.99122550000004], [-83.47654239999997, 50.98638840000001], [-83.47171049999997, 50.9862071], [-83.47714429999996, 50.98442510000001], [-83.4732295, 50.978931000000046], [-83.49219869999996, 50.973683300000005], [-83.49432439999998, 50.970640600000024], [-83.47392689999998, 50.97115480000002], [-83.483698, 50.966817400000025], [-83.4764659, 50.96828220000003], [-83.47807469999998, 50.96489700000001], [-83.47105209999995, 50.96388200000001], [-83.47852239999997, 50.96164440000001], [-83.46977099999998, 50.96051220000004], [-83.4717766, 50.95691530000005], [-83.46578269999998, 50.95693010000002], [-83.47000749999995, 50.95512740000004], [-83.46450229999999, 50.952455799999996], [-83.46768879999996, 50.95041330000004], [-83.46426709999997, 50.951609399999995], [-83.461298, 50.949590200000046], [-83.46378249999998, 50.947356100000036], [-83.4523527, 50.94351850000004], [-83.4559286, 50.94254330000001], [-83.45390359999999, 50.937678800000015], [-83.45819569999998, 50.93704440000005], [-83.44674469999995, 50.937400600000046], [-83.44210039999996, 50.93132970000005], [-83.4459, 50.928880700000036], [-83.44227039999998, 50.9275389], [-83.44326059999997, 50.923631700000044], [-83.42335799999995, 50.918814999999995], [-83.42501429999999, 50.91612670000001], [-83.41399239999998, 50.91132780000004], [-83.41155359999999, 50.905208200000004], [-83.4160412, 50.901745500000004], [-83.41284739999998, 50.899468300000024], [-83.41664319999995, 50.89772910000005], [-83.40199889999997, 50.89084980000001], [-83.40778509999996, 50.88867120000003], [-83.4062654, 50.88509780000004], [-83.39804479999998, 50.88389960000001], [-83.3992412, 50.88074420000004], [-83.39571379999995, 50.880268200000046], [-83.40004119999998, 50.87909810000002], [-83.40123499999999, 50.874902399999996], [-83.39329499999997, 50.873846800000024], [-83.38637699999998, 50.86789390000001], [-83.38831429999999, 50.864493900000014], [-83.38408849999996, 50.86407380000003], [-83.38558649999999, 50.86168100000003], [-83.3553144, 50.85390440000003], [-83.34958039999998, 50.856057899999996], [-83.34245849999996, 50.85410890000003], [-83.33165159999999, 50.85669710000002], [-83.33188379999996, 50.859725200000014], [-83.31949259999999, 50.86294570000001], [-83.31447429999997, 50.86591830000003], [-83.31546099999997, 50.8679583], [-83.30781229999997, 50.86854090000003], [-83.29394289999999, 50.86455130000002], [-83.29497039999995, 50.85596350000003], [-83.2859712, 50.8510086], [-83.28766209999998, 50.84886970000002], [-83.27982279999998, 50.849022200000036], [-83.28260899999998, 50.84494120000005], [-83.26544129999996, 50.8411744], [-83.26746649999995, 50.84027210000005], [-83.26353749999998, 50.8370276], [-83.2719735, 50.835188800000026], [-83.26936949999998, 50.833270200000015], [-83.2707418, 50.83048640000004], [-83.25687949999997, 50.825736199999994], [-83.26102959999997, 50.8225539], [-83.25704809999996, 50.82200930000005], [-83.25901439999996, 50.819480200000044], [-83.2549062, 50.817493600000034], [-83.25618579999997, 50.81147720000001], [-83.25241169999998, 50.81185900000003], [-83.25867139999997, 50.80999460000004], [-83.25646129999996, 50.80832460000005], [-83.25874699999997, 50.80569540000005], [-83.25308949999999, 50.80556900000005], [-83.25602089999995, 50.801340900000014], [-83.25556749999998, 50.79745780000002], [-83.25451199999998, 50.79956050000004], [-83.242774, 50.794690600000024], [-83.23501429999999, 50.7978028], [-83.23583349999996, 50.79345360000002], [-83.22938969999996, 50.79240390000001], [-83.23492719999996, 50.79150500000003], [-83.22438789999995, 50.78568850000005], [-83.22957509999998, 50.785530900000026], [-83.2219849, 50.780551700000046], [-83.22663669999997, 50.77837010000002], [-83.2235847, 50.777298900000005], [-83.2237194, 50.77369710000005], [-83.21448829999997, 50.77231500000005], [-83.21805469999998, 50.76697630000001], [-83.20920749999999, 50.76361400000002], [-83.21187499999996, 50.759844000000044], [-83.20779909999999, 50.75321020000001], [-83.20116819999998, 50.75178580000005], [-83.20041629999997, 50.74569450000001], [-83.19319229999996, 50.747798200000034], [-83.19290569999998, 50.7441096], [-83.1888444, 50.74346910000003], [-83.193063, 50.7409801], [-83.18033129999998, 50.7322451], [-83.18086579999999, 50.729363300000045], [-83.17191119999995, 50.7246859], [-83.16763269999996, 50.72630140000001], [-83.16093469999998, 50.723604600000044], [-83.16689079999998, 50.71936400000004], [-83.16558379999998, 50.7147248], [-83.15434969999995, 50.70899990000004], [-83.15609749999999, 50.70305990000003], [-83.13975959999999, 50.6937949], [-83.1430001, 50.688403900000026], [-83.13520559999995, 50.6814665], [-83.12990429999996, 50.68219300000004], [-83.13287919999999, 50.672424500000034], [-83.13564729999996, 50.67480920000003], [-83.14054039999996, 50.671355000000005], [-83.13590349999998, 50.668240200000014], [-83.12839439999999, 50.6703584], [-83.12724029999998, 50.666979800000036], [-83.11695509999998, 50.6634803], [-83.10561989999997, 50.664096900000004], [-83.09394659999998, 50.65827720000004], [-83.09769789999996, 50.65349680000003], [-83.0937169, 50.6502375], [-83.07349589999995, 50.65210860000002], [-83.0676373, 50.64709350000004], [-83.07085409999996, 50.64475680000004], [-83.06409759999997, 50.642111], [-83.0646592, 50.6364026], [-82.9341842, 50.65349130000004], [-82.87572129999995, 50.68604060000001], [-82.81900779999995, 50.70846990000001], [-82.81190799999996, 50.7067308], [-82.8050543, 50.709498499999995], [-82.79156489999997, 50.70302460000005], [-82.7683834, 50.702289699999994], [-82.76572279999999, 50.69757400000003], [-82.76004649999999, 50.69715740000004], [-82.75795199999999, 50.69396210000002], [-82.67573759999999, 50.68887060000003], [-82.66608659999997, 50.68230220000004], [-82.65010339999998, 50.687017800000035], [-82.64709479999999, 50.682345999999995], [-82.63815729999999, 50.68004870000004], [-82.64518349999997, 50.66349530000002], [-82.64338299999997, 50.6577393], [-82.63689729999999, 50.655831000000035], [-82.61595819999997, 50.65961530000004], [-82.56676969999995, 50.65706940000001], [-82.55412609999996, 50.64868180000002], [-82.5324263, 50.64191530000005], [-82.49534829999999, 50.615796200000034], [-82.4867246, 50.61399300000005], [-82.46482879999996, 50.60146660000004], [-82.4516964, 50.5890723], [-82.4531801, 50.58434620000003], [-82.4492985, 50.57083210000002], [-82.43678129999995, 50.56246930000003], [-82.43875529999997, 50.56028660000004], [-82.43167299999999, 50.552660600000024], [-82.43359469999996, 50.55006030000004], [-82.43063999999998, 50.54955800000005], [-82.43380989999997, 50.54705820000004], [-82.4192817, 50.539259500000014], [-82.41497549999997, 50.53307030000002], [-82.41110749999996, 50.5325416], [-82.41278139999997, 50.5309474], [-82.40394779999997, 50.53184090000002], [-82.40422539999997, 50.52720350000004], [-82.39549679999999, 50.52513320000003], [-82.39238789999996, 50.520086900000024], [-82.381259, 50.52064770000004], [-82.37919039999997, 50.5140523], [-82.37283059999999, 50.509864300000004], [-82.36750169999999, 50.51030500000002], [-82.36869739999997, 50.505082500000015], [-82.36587209999999, 50.501476600000046], [-82.35691359999998, 50.5013199], [-82.35354889999996, 50.494441800000004], [-82.34753289999998, 50.4940373], [-82.3489745, 50.48965810000004], [-82.3423674, 50.4892509], [-82.3436433, 50.48571730000003], [-82.33676109999999, 50.48453650000005], [-82.339608, 50.48170320000003], [-82.334811, 50.481288500000005], [-82.3342422, 50.47792320000002], [-82.32889019999999, 50.47844190000001], [-82.3302597, 50.47552910000002], [-82.32523579999997, 50.47601610000004], [-82.3269775, 50.47220150000004], [-82.3177887, 50.4705098], [-82.32049029999996, 50.4680917], [-82.30648959999996, 50.465584500000034], [-82.30146359999998, 50.45712980000002], [-82.28423749999996, 50.46210490000004], [-82.27551219999998, 50.4606637], [-82.26062509999997, 50.471684400000015], [-82.21176319999995, 50.492288099999996], [-82.18608819999997, 50.49678170000004], [-82.1769352, 50.50121470000005], [-82.1660981, 50.51470120000005], [-82.16463779999998, 50.536016200000006], [-82.143619, 50.56044320000001], [-82.12001099999998, 50.57823920000004], [-82.0906814, 50.584095400000024], [-82.04205109999998, 50.58366140000004], [-81.96151419999995, 50.51766360000005], [-81.91298549999999, 50.5218711], [-81.87676869999996, 50.45646350000004], [-81.85991129999996, 50.44221280000005], [-81.82731309999997, 50.39936400000005]]]}}, {"id": "5", "type": "Feature", "properties": {"RANGE_NAME": "Sydney", "RANGE_TYPE": "Continuous", "color": "#911eb4"}, "geometry": {"type": "Polygon", "coordinates": [[[-93.21228529999996, 50.96869650000002], [-93.2013642, 50.949397300000044], [-93.18125279999998, 50.94383810000005], [-93.16637169999996, 50.92292310000005], [-93.14065539999996, 50.85246440000003], [-93.14379539999999, 50.838728600000024], [-93.15243089999996, 50.83023750000001], [-93.16659629999998, 50.824660600000016], [-93.16987209999996, 50.81967380000003], [-93.14660979999996, 50.79868920000001], [-93.14549789999995, 50.77878050000004], [-93.15399609999997, 50.77077490000005], [-93.15827479999996, 50.752729500000044], [-93.21087689999996, 50.71690840000002], [-93.21469709999997, 50.700444300000015], [-93.20756319999998, 50.66579810000002], [-93.21343379999996, 50.66233420000003], [-93.21213819999997, 50.65426080000003], [-93.21774309999995, 50.651840400000026], [-93.21212079999998, 50.645233700000006], [-93.22186009999996, 50.64101580000005], [-93.2192973, 50.637324500000034], [-93.2211795, 50.63159230000002], [-93.21627889999996, 50.626899200000025], [-93.25326949999999, 50.62875930000001], [-93.26549869999997, 50.62389150000001], [-93.26909919999997, 50.613040900000044], [-93.27275209999999, 50.611770000000035], [-93.2866803, 50.6100098], [-93.29277679999996, 50.615741300000025], [-93.30800669999996, 50.61783230000003], [-93.30924069999998, 50.62899070000003], [-93.30605209999999, 50.6346547], [-93.32132579999995, 50.64200140000003], [-93.33370099999996, 50.6404895], [-93.32621659999995, 50.652024100000006], [-93.33018669999996, 50.6565061], [-93.34255609999997, 50.65868500000005], [-93.41125369999997, 50.651101400000016], [-93.42739669999997, 50.65239490000005], [-93.43418059999999, 50.647117800000046], [-93.43843599999997, 50.649934599999995], [-93.46137319999997, 50.650727200000006], [-93.4629003, 50.649228300000004], [-93.4541802, 50.648525199999995], [-93.45347809999998, 50.64759270000002], [-93.45125509999997, 50.64734950000002], [-93.45058609999995, 50.646911500000044], [-93.4505562, 50.64674070000001], [-93.46209119999997, 50.6474958], [-93.46185969999999, 50.645527300000026], [-93.46458989999996, 50.6455704], [-93.4657484, 50.63971120000002], [-93.46779029999999, 50.63883960000004], [-93.46702749999997, 50.65176590000004], [-93.45444299999997, 50.65524210000001], [-93.44932089999998, 50.664030300000036], [-93.45203609999999, 50.66535070000003], [-93.44627859999997, 50.66849360000003], [-93.45909839999996, 50.669855600000005], [-93.47453289999999, 50.663795300000004], [-93.48037369999997, 50.666280400000005], [-93.4797873, 50.668441099999995], [-93.5126062, 50.66483880000004], [-93.51483279999997, 50.66360590000005], [-93.50877979999996, 50.660601799999995], [-93.5126866, 50.655854300000044], [-93.510536, 50.653345700000045], [-93.51992679999995, 50.65337600000004], [-93.51631169999996, 50.65037050000001], [-93.52830569999998, 50.65088320000001], [-93.52582869999998, 50.64844830000004], [-93.53165259999997, 50.64901530000003], [-93.53674539999997, 50.644846099999995], [-93.52813099999997, 50.64066690000004], [-93.54884649999997, 50.6478563], [-93.54816299999999, 50.64139270000004], [-93.6074084, 50.64482450000003], [-93.60199449999999, 50.63429540000004], [-93.61204119999996, 50.627747200000044], [-93.60804729999995, 50.62328050000002], [-93.61165299999999, 50.62408000000005], [-93.61187909999995, 50.62135380000001], [-93.60354819999998, 50.61914900000005], [-93.60632119999997, 50.61283940000004], [-93.61281789999998, 50.61581810000001], [-93.60616729999998, 50.61031310000004], [-93.60813259999998, 50.60348600000003], [-93.60502329999997, 50.60686560000005], [-93.59817019999997, 50.60315990000004], [-93.5949463, 50.606359999999995], [-93.59568089999999, 50.602318300000036], [-93.58236699999998, 50.60052330000002], [-93.58350909999996, 50.59781140000001], [-93.59751589999996, 50.59330900000003], [-93.59420689999996, 50.59636330000001], [-93.5950727, 50.597297800000035], [-93.59879999999998, 50.59380650000003], [-93.5957378, 50.59175770000002], [-93.60039409999996, 50.589728800000046], [-93.60501109999996, 50.5918709], [-93.61938129999999, 50.5881895], [-93.61570459999996, 50.585406300000045], [-93.62126119999999, 50.58871270000003], [-93.62547389999997, 50.58645310000003], [-93.65069619999997, 50.58872580000002], [-93.6498555, 50.592108800000005], [-93.65629899999999, 50.595112400000005], [-93.66748029999997, 50.583996100000036], [-93.67330179999999, 50.5846191], [-93.66999859999999, 50.586549200000036], [-93.6713335, 50.58856050000003], [-93.68658679999999, 50.586268200000006], [-93.695266, 50.5806948], [-93.70268549999997, 50.58203520000001], [-93.70620709999997, 50.580058699999995], [-93.70613649999996, 50.57533510000002], [-93.71167539999999, 50.57531650000004], [-93.70639, 50.57160750000003], [-93.71895799999999, 50.566944000000035], [-93.71912599999996, 50.5636025], [-93.71470109999996, 50.56175410000003], [-93.73051169999997, 50.5603878], [-93.74288809999996, 50.551980000000015], [-93.7532837, 50.55261630000001], [-93.75606829999998, 50.550008200000036], [-93.76362539999997, 50.5524686], [-93.7700026, 50.55137380000002], [-93.7681983, 50.54939870000004], [-93.77733659999996, 50.55086130000001], [-93.77714529999997, 50.55430310000003], [-93.7713599, 50.55350520000002], [-93.76842439999996, 50.55753570000002], [-93.77225499999997, 50.56135950000004], [-93.77850759999995, 50.5603016], [-93.77593989999997, 50.563916800000015], [-93.78254879999997, 50.561720800000046], [-93.78178889999998, 50.5700655], [-93.78943139999996, 50.56928270000003], [-93.78867649999995, 50.56654420000001], [-93.79146579999997, 50.56588020000004], [-93.80262599999998, 50.571089400000005], [-93.80573729999998, 50.5682913], [-93.80618559999999, 50.57237120000002], [-93.8137021, 50.571113800000035], [-93.8107286, 50.57492080000003], [-93.81962049999998, 50.578165600000034], [-93.82365969999995, 50.58699790000003], [-93.81868019999996, 50.58924090000005], [-93.8204207, 50.59333380000004], [-93.81750799999998, 50.594838100000004], [-93.8203686, 50.595213700000045], [-93.8237249, 50.60292390000001], [-93.84158329999997, 50.5987672], [-93.84393089999998, 50.594784300000015], [-93.8418466, 50.59150800000003], [-93.85335949999995, 50.58620810000002], [-93.8534199, 50.58306010000001], [-93.8599097, 50.58557520000005], [-93.88953379999998, 50.577402199999995], [-93.8982547, 50.579223600000034], [-93.90894449999996, 50.57146220000004], [-93.91720729999997, 50.573207800000034], [-93.91705659999997, 50.576864400000034], [-93.9195767, 50.57377770000005], [-93.9191318, 50.57797210000001], [-93.92459219999995, 50.57256870000003], [-93.93148129999997, 50.57286320000003], [-93.9331345, 50.57839000000001], [-93.939324, 50.578862500000014], [-93.94192759999999, 50.586305700000025], [-93.94981379999996, 50.5871856], [-93.94938459999997, 50.589788200000044], [-93.9457903, 50.589493800000014], [-93.9461096, 50.59337620000002], [-93.95844, 50.59039720000004], [-93.95539079999998, 50.594703100000004], [-93.95690679999996, 50.598260900000014], [-93.9830857, 50.595470000000034], [-93.98825879999998, 50.591109200000005], [-93.98528299999998, 50.58871530000005], [-93.99261589999998, 50.57968650000004], [-93.98859519999996, 50.57531210000002], [-93.98827569999997, 50.560039500000016], [-93.9953865, 50.5550308], [-93.99168789999999, 50.55234660000002], [-93.99341379999998, 50.549840700000004], [-94.0163268, 50.5526193], [-94.01112, 50.550083700000016], [-94.0192874, 50.547089700000015], [-94.01232339999996, 50.5436072], [-94.0175815, 50.53944250000001], [-94.01320549999997, 50.538734300000044], [-94.01843159999999, 50.53383230000003], [-94.01438989999997, 50.53310320000003], [-94.02012739999998, 50.53165910000001], [-94.0153712, 50.52967000000001], [-94.05134249999998, 50.51349330000005], [-94.05806049999995, 50.498040300000014], [-94.06771139999995, 50.496283300000016], [-94.06996499999997, 50.49729120000001], [-94.0658196, 50.5014539], [-94.07192549999996, 50.501532499999996], [-94.07514519999995, 50.503342599999996], [-94.07224679999996, 50.502446899999995], [-94.07159679999995, 50.504998], [-94.07965899999999, 50.50339440000005], [-94.0867634, 50.500369300000045], [-94.0885725, 50.4878875], [-94.09376879999996, 50.48800250000005], [-94.09789899999998, 50.48420870000001], [-94.1009267, 50.48731240000001], [-94.09518779999996, 50.48968480000002], [-94.10276479999999, 50.489606200000026], [-94.10138859999995, 50.49129210000001], [-94.10482049999996, 50.49281530000002], [-94.09962109999998, 50.49373700000001], [-94.10583159999999, 50.495843000000036], [-94.10973909999996, 50.4928673], [-94.1054729, 50.48828640000005], [-94.11017579999998, 50.4842256], [-94.10657229999998, 50.48358790000003], [-94.11057389999996, 50.480713800000046], [-94.11231629999997, 50.485876700000006], [-94.11785989999998, 50.48666490000005], [-94.11367529999995, 50.489915800000006], [-94.12064039999996, 50.487372300000004], [-94.12500289999997, 50.48950980000001], [-94.11702149999996, 50.49001860000004], [-94.11972939999998, 50.4942284], [-94.11726149999998, 50.497260400000016], [-94.12081939999996, 50.49775020000004], [-94.11182119999995, 50.50327980000003], [-94.11740649999996, 50.50367590000002], [-94.11454549999996, 50.50543010000001], [-94.11728209999995, 50.507013700000016], [-94.13327569999996, 50.506993600000044], [-94.1506311, 50.4977935], [-94.14269719999999, 50.4994906], [-94.15151779999997, 50.494601000000046], [-94.149182, 50.4928367], [-94.13684759999995, 50.49619130000002], [-94.13430259999996, 50.4909662], [-94.13709109999996, 50.490312200000005], [-94.13756159999997, 50.48233670000002], [-94.1526452, 50.48255660000001], [-94.15508939999995, 50.485563100000036], [-94.1592468, 50.483219399999996], [-94.15500499999996, 50.48229040000001], [-94.16938639999995, 50.47497870000001], [-94.16537459999995, 50.47517190000002], [-94.1741566, 50.47270020000002], [-94.17358209999998, 50.47755550000005], [-94.17709839999998, 50.47307520000004], [-94.18081269999999, 50.47582550000004], [-94.18255389999996, 50.47224640000002], [-94.18867019999999, 50.47117160000005], [-94.187435, 50.4679696], [-94.19056839999996, 50.46677740000001], [-94.18476269999996, 50.46367100000003], [-94.18578589999998, 50.45896590000001], [-94.182905, 50.45868950000005], [-94.1822545, 50.46331520000001], [-94.17728939999995, 50.463666000000046], [-94.18094179999997, 50.46136260000003], [-94.1751549, 50.4572033], [-94.1916981, 50.45433740000004], [-94.19527289999996, 50.45042440000003], [-94.19148199999995, 50.44758460000003], [-94.19793049999998, 50.44588140000002], [-94.19485829999996, 50.445355500000005], [-94.19594429999995, 50.4422505], [-94.1929576, 50.44291980000003], [-94.19425089999999, 50.44038820000003], [-94.20279369999997, 50.44305200000002], [-94.2210844, 50.435342100000014], [-94.2266692, 50.437747400000035], [-94.26563999999996, 50.42406680000005], [-94.26803289999998, 50.43080930000002], [-94.30947399999997, 50.42837100000003], [-94.32703549999997, 50.42301080000004], [-94.33178889999999, 50.426238100000035], [-94.34589349999999, 50.42313470000005], [-94.35356079999997, 50.42574390000004], [-94.35680909999996, 50.42453690000002], [-94.35269599999998, 50.422093399999994], [-94.351516, 50.41868930000004], [-94.35189249999996, 50.41675120000002], [-94.35361169999999, 50.420027000000005], [-94.35763099999997, 50.41629760000001], [-94.35178379999996, 50.41322690000004], [-94.36064919999995, 50.41360020000002], [-94.35751039999997, 50.411631200000045], [-94.36190699999997, 50.40985290000003], [-94.35449509999995, 50.40544600000004], [-94.3622464, 50.404218800000024], [-94.36459149999996, 50.40531550000003], [-94.36843699999997, 50.40572900000001], [-94.36981499999996, 50.405110200000024], [-94.36392059999997, 50.402733100000034], [-94.36459279999997, 50.400413800000024], [-94.35733009999996, 50.401874899999996], [-94.35871709999998, 50.39949330000002], [-94.35494819999997, 50.3970999], [-94.37425619999999, 50.40159510000001], [-94.38176329999999, 50.396505500000046], [-94.38224229999997, 50.3921737], [-94.39212249999997, 50.39085970000002], [-94.39890359999998, 50.38751350000001], [-94.3971823, 50.3864279], [-94.42485949999997, 50.3832769], [-94.43479819999999, 50.384422900000004], [-94.42783609999998, 50.38843890000004], [-94.42929999999996, 50.39220740000002], [-94.42528799999997, 50.39541360000004], [-94.43286519999998, 50.395896100000016], [-94.43266, 50.39842590000001], [-94.42635139999999, 50.399672699999996], [-94.43106419999998, 50.39967770000004], [-94.42858089999999, 50.40366560000001], [-94.43248719999997, 50.403428700000006], [-94.43207009999998, 50.407418199999995], [-94.4413217, 50.404722600000014], [-94.4484071, 50.407656599999996], [-94.47650389999995, 50.40617000000003], [-94.48817739999998, 50.409978600000045], [-94.49473889999996, 50.40872520000005], [-94.49358409999996, 50.40595280000002], [-94.4983876, 50.4071103], [-94.5000943, 50.4650044], [-94.50427379999996, 50.463043700000014], [-94.51393489999998, 50.467795300000034], [-94.5376063, 50.4691914], [-94.53582, 50.46691930000003], [-94.54769979999998, 50.47029420000001], [-94.5552859, 50.46344860000005], [-94.55162769999998, 50.463257999999996], [-94.5556631, 50.45950810000005], [-94.55241009999997, 50.4599647], [-94.55128279999997, 50.4576323], [-94.5577237, 50.45770810000005], [-94.55007079999996, 50.45244990000003], [-94.56088369999998, 50.453132700000026], [-94.55966159999997, 50.449972], [-94.56963659999997, 50.4583844], [-94.57175839999996, 50.4573934], [-94.56808239999998, 50.453350700000044], [-94.5760272, 50.45326130000001], [-94.5797675, 50.45922760000002], [-94.59338879999996, 50.45696140000001], [-94.58891999999997, 50.45860830000004], [-94.59759649999995, 50.46213320000004], [-94.59777859999997, 50.45947520000004], [-94.6040438, 50.45980830000002], [-94.59937859999997, 50.46620890000003], [-94.58409169999999, 50.46471810000003], [-94.58124649999996, 50.46686140000003], [-94.5870157, 50.46931080000002], [-94.5835103, 50.47118370000004], [-94.57170589999998, 50.47048040000004], [-94.57277149999999, 50.47516090000005], [-94.57910609999999, 50.47494020000005], [-94.58572769999995, 50.47946400000001], [-94.5795713, 50.4832414], [-94.58887349999998, 50.48076120000002], [-94.5886921, 50.48341700000003], [-94.59784409999997, 50.47928710000002], [-94.60470089999995, 50.4817324], [-94.60268009999999, 50.48280360000001], [-94.60615249999995, 50.484931200000005], [-94.60350449999999, 50.48653260000003], [-94.62011919999998, 50.48409000000004], [-94.6196736, 50.486272799999995], [-94.64549289999997, 50.4904234], [-94.64712159999999, 50.49448590000003], [-94.65306419999996, 50.49422180000005], [-94.64921329999999, 50.49612020000001], [-94.6507153, 50.496458700000005], [-94.66559029999996, 50.490697400000045], [-94.67059309999996, 50.48420390000001], [-94.67829269999999, 50.485838], [-94.69387269999999, 50.476001499999995], [-94.69362659999996, 50.47358170000001], [-94.6951454, 50.4740453], [-94.6989901, 50.472771600000044], [-94.6949017, 50.47337420000002], [-94.69800399999997, 50.470140600000036], [-94.70040389999997, 50.470748600000036], [-94.70582789999997, 50.470030699999995], [-94.70769359999997, 50.469094900000016], [-94.7037775, 50.46885550000002], [-94.70950699999997, 50.46302420000001], [-94.69977589999996, 50.4616613], [-94.72241489999999, 50.46077410000004], [-94.71632119999998, 50.458697700000016], [-94.72267099999999, 50.4570018], [-94.71967519999998, 50.45268390000001], [-94.74054689999997, 50.445027700000026], [-94.74318899999997, 50.448547399999995], [-94.7515598, 50.4459966], [-94.7653125, 50.447251600000016], [-94.756259, 50.4497068], [-94.75531919999997, 50.4512163], [-94.76302819999995, 50.450101399999994], [-94.76126469999997, 50.452358100000026], [-94.76651149999998, 50.45410500000003], [-94.76483809999996, 50.456837699999994], [-94.83561429999997, 50.450139800000045], [-94.89944549999996, 50.45163480000002], [-94.91954479999998, 50.4553798], [-94.9310936, 50.46117000000004], [-94.92801109999999, 50.46575440000004], [-94.9357918, 50.46373630000005], [-94.96345049999996, 50.47219540000003], [-94.96573599999999, 50.4671558], [-94.97656369999999, 50.46626170000002], [-95.00471959999999, 50.467938600000025], [-95.0398328, 50.46356840000004], [-95.06752229999995, 50.465517000000034], [-95.09946659999997, 50.461661700000036], [-95.12119189999999, 50.4657019], [-95.15359609999996, 50.459422700000005], [-95.15244419999999, 51.1209058], [-95.1429334, 51.1181201], [-95.1415293, 51.112646900000016], [-95.12382169999995, 51.101316999999995], [-95.11516, 51.10520810000003], [-95.1058104, 51.09688240000003], [-95.10065889999998, 51.10016200000001], [-95.08937069999996, 51.09953290000004], [-95.07686809999996, 51.09279190000001], [-95.07431809999997, 51.08753530000001], [-95.06569769999999, 51.0881632], [-95.05972019999996, 51.079925400000036], [-95.04122699999999, 51.08224290000004], [-95.03287459999996, 51.07936910000001], [-95.00654379999997, 51.081812900000045], [-94.9837114, 51.078225599999996], [-94.9786426, 51.07995110000002], [-94.97093749999999, 51.0769052], [-94.96782439999998, 51.06644590000002], [-94.9597794, 51.06718860000001], [-94.94996499999996, 51.05853460000003], [-94.9520483, 51.055784800000026], [-94.94982829999998, 51.05278660000005], [-94.94191369999999, 51.051668500000005], [-94.93752359999996, 51.047242900000015], [-94.90952089999996, 51.04830980000003], [-94.90600359999996, 51.0510448], [-94.89043649999996, 51.04980810000001], [-94.88794339999998, 51.04470960000003], [-94.87748419999997, 51.04113700000005], [-94.8744835, 51.02976580000001], [-94.85873759999998, 51.024373000000026], [-94.85428519999999, 51.01842320000003], [-94.84734809999998, 51.01764680000002], [-94.84983949999997, 51.00747540000003], [-94.84100459999996, 51.00199300000003], [-94.82572269999997, 50.99846550000001], [-94.82133219999997, 50.991538700000035], [-94.82782789999999, 50.98328570000001], [-94.8222978, 50.98308460000004], [-94.8186662, 50.9761934], [-94.81380189999999, 50.97795340000005], [-94.79794329999999, 50.970375700000034], [-94.78089599999998, 50.96882830000004], [-94.761597, 50.960475599999995], [-94.75345119999997, 50.94122440000001], [-94.73584839999995, 50.944146200000034], [-94.72887749999995, 50.93925470000005], [-94.71321029999996, 50.942491399999994], [-94.70832789999997, 50.94047950000004], [-94.69788819999997, 50.93249270000001], [-94.70151099999998, 50.92023590000002], [-94.68597119999998, 50.90991200000002], [-94.67034769999998, 50.9145345], [-94.66855719999995, 50.906636900000024], [-94.65952959999998, 50.907961700000044], [-94.65278169999999, 50.91463160000001], [-94.62915999999996, 50.918534100000045], [-94.62019889999999, 50.9079476], [-94.59192939999997, 50.91652960000005], [-94.58283, 50.924666400000035], [-94.57305179999997, 50.92247830000002], [-94.56464489999996, 50.91448820000005], [-94.55277229999996, 50.90954750000003], [-94.52949519999999, 50.90980990000003], [-94.52294279999995, 50.91258450000004], [-94.52633689999999, 50.902404700000034], [-94.52313999999996, 50.9033728], [-94.52214409999999, 50.90903360000004], [-94.51605669999998, 50.90817750000002], [-94.51742379999996, 50.912602400000026], [-94.5041215, 50.91299940000005], [-94.50464899999997, 50.929190800000015], [-94.49963119999995, 50.925538500000016], [-94.48626349999995, 50.92702800000001], [-94.48005359999996, 50.922423700000024], [-94.47257629999996, 50.92740080000004], [-94.46431489999998, 50.924169000000006], [-94.45708189999999, 50.926757699999996], [-94.43942699999997, 50.925049400000034], [-94.43948339999997, 50.92028690000001], [-94.43571329999997, 50.91858610000003], [-94.42142419999999, 50.92429050000004], [-94.38433659999998, 50.92422290000002], [-94.36103179999998, 50.916095299999995], [-94.34790629999998, 50.92797340000004], [-94.3368165, 50.93288080000002], [-94.33709119999997, 50.93057220000003], [-94.3148003, 50.9228124], [-94.26874499999997, 50.928059399999995], [-94.2609382, 50.93302080000001], [-94.20178319999997, 50.9196427], [-94.14991479999998, 50.86477590000004], [-94.14271379999997, 50.86376740000003], [-94.11023659999995, 50.88501680000002], [-94.05746529999999, 50.895731900000044], [-94.04430829999995, 50.904474600000015], [-94.02557179999997, 50.904874500000005], [-94.02104859999997, 50.9061552], [-94.02035419999999, 50.90952470000002], [-94.007632, 50.91057040000004], [-94.00962499999997, 50.9165605], [-94.01884379999996, 50.91982580000001], [-94.04340129999997, 50.92115570000004], [-94.05258319999996, 50.925165100000015], [-94.04520129999997, 50.92973690000002], [-94.04718279999997, 50.93939560000001], [-94.04076829999997, 50.94152130000003], [-94.04261979999995, 50.94729620000004], [-94.04922119999998, 50.949647200000015], [-94.04395009999996, 50.960288100000014], [-94.045095, 50.96435170000001], [-94.03955389999999, 50.9681152], [-94.03821389999996, 50.9731721], [-94.04774309999999, 50.98204400000003], [-94.04801959999998, 50.98609730000004], [-94.03721059999998, 50.992066100000045], [-94.01547919999996, 50.99658260000001], [-94.01487349999996, 51.0099692], [-93.98633319999999, 51.023972600000036], [-93.98180059999999, 51.02945140000003], [-93.98484969999998, 51.03605350000004], [-93.97978609999996, 51.04685140000004], [-93.9536172, 51.05216670000004], [-93.93593369999996, 51.062489400000004], [-93.902918, 51.070896600000026], [-93.87723989999995, 51.0866944], [-93.87848529999997, 51.094400699999994], [-93.85719609999995, 51.09763430000004], [-93.83849249999997, 51.1058003], [-93.82346919999998, 51.11805610000005], [-93.79924369999998, 51.11927640000005], [-93.78245869999995, 51.129650500000025], [-93.7845486, 51.1323792], [-93.7742035, 51.14021770000005], [-93.75279889999996, 51.1504291], [-93.73496969999997, 51.1495443], [-93.72762709999995, 51.144491500000015], [-93.57956259999997, 51.11810780000002], [-93.46182429999999, 51.090761799999996], [-93.35182789999999, 50.963382300000035], [-93.34374199999996, 50.961796900000024], [-93.34506819999996, 50.95631660000004], [-93.33776739999996, 50.95286710000005], [-93.3391767, 50.94895130000003], [-93.3247101, 50.94852510000004], [-93.31836239999996, 50.95288590000001], [-93.30305949999996, 50.951002500000016], [-93.27999619999997, 50.962741300000005], [-93.26729999999998, 50.96130550000004], [-93.26096709999996, 50.96448520000001], [-93.24581569999998, 50.9619285], [-93.23462689999997, 50.97107890000001], [-93.21228529999996, 50.96869650000002]]]}}]}